index,feature_name
2,cat_not_applicable__pumptype_India Mark II
3,cat_not_applicable__pumptype_Not applicable
5,cat_not_applicable__pumptype_Vergnet
6,cat_not_applicable__pumptype_Vergnet Hydro
7,cat_not_applicable__pumptype_Water4
8,cat_not_applicable__drillmethod_Drilled by machine
9,cat_not_applicable__drillmethod_Hand-dug
10,cat_not_applicable__drillmethod_Manually drilled
11,cat_not_applicable__drillmethod_Not applicable
13,cat_not_applicable__piped_source_Not applicable
14,cat_not_applicable__piped_source_Protected spring
17,cat_not_applicable__piped_pump_Gravity Fed
18,cat_not_applicable__piped_pump_Not applicable
21,cat_unknown__country_Ethiopia
24,cat_unknown__country_Mali
25,cat_unknown__country_Mozambique
27,cat_unknown__country_Niger
28,cat_unknown__country_Rwanda
30,cat_unknown__admin1_Bihar
35,cat_unknown__admin1_Maradi
36,cat_unknown__admin1_Nampula
41,cat_unknown__admin1_Tigray
45,cat_unknown__wptype_Borehole with hand pump
48,cat_unknown__wptype_Protected spring
49,cat_unknown__wptype_Public tap / standpipe
50,cat_unknown__wptype_infrequent_sklearn
54,cat_unknown__whomanage_wp_School
56,cat_unknown__whomanage_wp_Water committee
59,cat_unknown__rehabyn_Unknown
61,cat_unknown__season_Unknown
63,cat_unknown__season_wet
64,cat_unknown__cwfunded_wp_Unknown
66,cat_unknown__cwfunded_wp_infrequent_sklearn
67,cat_unknown__wc_present_wp_No
71,cat_unknown__paytocollect_wp_Unknown
72,cat_unknown__paytocollect_wp_Yes
73,cat_unknown__lockedfullday_wp_No
74,cat_unknown__lockedfullday_wp_Unknown
75,cat_unknown__lockedfullday_wp_Yes
76,ordinal_wc_index__wc_admin_index_wp
77,ordinal_wc_index__wc_finance_index_wp
78,ordinal_wc_index__wc_mgmt_index_wp
79,ordinal_wc_index__wc_maint_index_wp
81,num_skew__qtypeople_wp
82,num_skew__qtyhh_wp
83,num_skew__pop_1000
84,num_other__elevation_wp
85,num_other__latitude_wp
86,num_other__longitude_wp
87,num_other__rehab_age
88,num_indicator__annual_rain
89,num_indicator__wpqty_wp
90,num_indicator__qtyhh_c_wp
93,num_indicator__pumpstrokes
95,num_indicator__missingindicator_wpqty_wp
96,num_indicator__missingindicator_qtyhh_c_wp
97,num_indicator__missingindicator_improved_wponly_wp
99,num_indicator__missingindicator_pumpstrokes
100,semantic_flags__rehab_age_missing
101,semantic_flags__pop_1000_missing
