mean_fit_time,std_fit_time,mean_score_time,std_score_time,param_classifier__bagging_temperature,param_classifier__depth,param_classifier__iterations,param_classifier__l2_leaf_reg,param_classifier__learning_rate,param_classifier__random_strength,params,split0_test_f1_macro,split1_test_f1_macro,split2_test_f1_macro,split3_test_f1_macro,split4_test_f1_macro,mean_test_f1_macro,std_test_f1_macro,rank_test_f1_macro,split0_train_f1_macro,split1_train_f1_macro,split2_train_f1_macro,split3_train_f1_macro,split4_train_f1_macro,mean_train_f1_macro,std_train_f1_macro,split0_test_mcc,split1_test_mcc,split2_test_mcc,split3_test_mcc,split4_test_mcc,mean_test_mcc,std_test_mcc,rank_test_mcc,split0_train_mcc,split1_train_mcc,split2_train_mcc,split3_train_mcc,split4_train_mcc,mean_train_mcc,std_train_mcc
68.03678321838379,1.1852814341311555,0.03925752639770508,0.0016694976999318011,0.3745401188473625,7,420,7.259248719561363,0.08150596270447193,0.31203728088487304,"{'classifier__bagging_temperature': np.float64(0.3745401188473625), 'classifier__depth': 7, 'classifier__iterations': 420, 'classifier__l2_leaf_reg': np.float64(7.259248719561363), 'classifier__learning_rate': np.float64(0.08150596270447193), 'classifier__random_strength': np.float64(0.31203728088487304)}",0.5839784117619438,0.6335863311845845,0.613586274709253,0.5890959354409685,0.6370875840107962,0.6114669074215092,0.021937445043503975,7,0.7097712566707446,0.7576866208907308,0.7146499596245354,0.767032306344067,0.7114816186632599,0.7321243524386676,0.02491237670970689,0.5168338586632416,0.5969044601697796,0.5382671826171964,0.5738185919137662,0.6032468439326742,0.5658141874593317,0.03343587714798935,6,0.690581785894556,0.7260959344194243,0.6940041486555398,0.7342061253360147,0.6822155516606251,0.7054207091932321,0.020712681892767232
15.768575286865234,0.736524802637295,0.038713598251342775,0.002743534433825291,0.15599452033620265,5,237,2.4687196884718516,0.03314548470550686,1.3017769458977058,"{'classifier__bagging_temperature': np.float64(0.15599452033620265), 'classifier__depth': 5, 'classifier__iterations': 237, 'classifier__l2_leaf_reg': np.float64(2.4687196884718516), 'classifier__learning_rate': np.float64(0.03314548470550686), 'classifier__random_strength': np.float64(1.3017769458977058)}",0.5452788219638469,0.5878352490421456,0.5575905575905575,0.5173208444840917,0.5150256045778434,0.5446102155316971,0.027045512803310984,10,0.5690917650829902,0.6107444391461669,0.5865511101503698,0.6095461732212929,0.5434293311118729,0.5838725637425385,0.025465795086220527,0.521604473889935,0.563227906700374,0.49146514532366403,0.5043738027031429,0.5208251163600432,0.5202992889954319,0.02420692122106122,10,0.5528397962029707,0.5907600653979355,0.5627640378160975,0.5774218628107536,0.534928844678052,0.5637429213811618,0.019324217331603586
45.010567331314085,0.34584127993277847,0.039898920059204104,0.002200419920459652,0.056411579027100256,6,443,1.002111162364104,0.17725366423007427,1.234963019255433,"{'classifier__bagging_temperature': np.float64(0.056411579027100256), 'classifier__depth': 6, 'classifier__iterations': 443, 'classifier__l2_leaf_reg': np.float64(1.002111162364104), 'classifier__learning_rate': np.float64(0.17725366423007427), 'classifier__random_strength': np.float64(1.234963019255433)}",0.6324400934645923,0.6291253055729485,0.6261238682291314,0.6333333333333333,0.6643152103826261,0.6370675621965264,0.013860996657296752,2,0.8734926601188592,0.9194652304426004,0.8866397827237537,0.903088061671685,0.8597705587079503,0.8884912587329697,0.02109842701827671,0.5501693491803338,0.5546628639858163,0.5026178027501759,0.532765631660525,0.6011934446691544,0.5482818184492011,0.03215548191479419,7,0.8390528633603527,0.8960185394113654,0.8669532355185869,0.8741256833378532,0.8403378248158888,0.8632976292888095,0.021523147850651375
60.49303503036499,1.0865227159443178,0.04179234504699707,0.004247691065437122,0.6116531604882809,7,385,1.0644457112668881,0.0704443843920201,0.799721943430511,"{'classifier__bagging_temperature': np.float64(0.6116531604882809), 'classifier__depth': 7, 'classifier__iterations': 385, 'classifier__l2_leaf_reg': np.float64(1.0644457112668881), 'classifier__learning_rate': np.float64(0.0704443843920201), 'classifier__random_strength': np.float64(0.799721943430511)}",0.6363203648652742,0.6079013308492739,0.6222296597443023,0.6366868705539254,0.6569564969171043,0.6320189445859761,0.0163686447551003,3,0.8117190343399906,0.8595895687788243,0.8372569622569622,0.8217758622126725,0.8079793730006332,0.8276641601178166,0.01890853512672195,0.5626857778051505,0.5477719699134634,0.5586703631509262,0.5754539315134031,0.624363175944877,0.573789043665564,0.026792759646009905,3,0.7765159534889708,0.8281844976863038,0.8100787163000578,0.7776726708697473,0.7779133288762227,0.7940730334442605,0.02125150760428421
43.24881477355957,0.4445838193204015,0.03816657066345215,0.0013555765250520138,0.04666566321361543,6,420,3.4385862479382943,0.11778686852050962,0.39934756431671947,"{'classifier__bagging_temperature': np.float64(0.04666566321361543), 'classifier__depth': 6, 'classifier__iterations': 420, 'classifier__l2_leaf_reg': np.float64(3.4385862479382943), 'classifier__learning_rate': np.float64(0.11778686852050962), 'classifier__random_strength': np.float64(0.39934756431671947)}",0.6554248366013072,0.6164647577092511,0.6168752831223326,0.6153777006416958,0.6537962962962963,0.6315877748741766,0.018811451320305036,4,0.7878422150181983,0.8146064962361192,0.7196375986642382,0.7964100976573137,0.8018481718151408,0.784068915878202,0.03336639910993944,0.5682001804165109,0.5883272171285938,0.5395570488110918,0.5586402155700079,0.6058640139524575,0.5721177351757323,0.023059695154131015,4,0.7623473991967853,0.7695940967680913,0.7042718625146979,0.7605963858177966,0.7755585970536424,0.7544736682702027,0.025662837683108085
9.23536524772644,0.05354972140389829,0.03695125579833984,0.0011594100460629577,0.5142344384136116,3,280,10.265223173044847,0.0957612417666923,0.900998503939086,"{'classifier__bagging_temperature': np.float64(0.5142344384136116), 'classifier__depth': 3, 'classifier__iterations': 280, 'classifier__l2_leaf_reg': np.float64(10.265223173044847), 'classifier__learning_rate': np.float64(0.0957612417666923), 'classifier__random_strength': np.float64(0.900998503939086)}",0.5815943613399817,0.5818041037553233,0.575036075036075,0.5207296849087893,0.5419109328396585,0.5602150315759655,0.02464532304493523,9,0.6566590685592861,0.6369072731900783,0.624096236389765,0.6250474868497955,0.6066137624079277,0.6298647654793705,0.016520428792707417,0.5229936159108659,0.5520293149125653,0.5174095216761323,0.5034294986943947,0.568023426136831,0.5327770754661578,0.023690133017928643,9,0.6250925440272601,0.6070738024123462,0.6129724216447954,0.5855312745728785,0.5809979709255902,0.602333602716574,0.016680232527728114
4.740205907821656,0.043555787890496404,0.03921360969543457,0.004293076432608611,0.013264961159866528,3,163,8.927894610031046,0.04561369894469084,0.19534422801276774,"{'classifier__bagging_temperature': np.float64(0.013264961159866528), 'classifier__depth': 3, 'classifier__iterations': 163, 'classifier__l2_leaf_reg': np.float64(8.927894610031046), 'classifier__learning_rate': np.float64(0.04561369894469084), 'classifier__random_strength': np.float64(0.19534422801276774)}",0.5018224257114642,0.5457622387382672,0.4820253164556962,0.4872990292007214,0.5150256045778434,0.5063869229367984,0.022819783116851323,12,0.5223111111111111,0.5124786342206891,0.5091609539885402,0.5231481481481481,0.5195397446078481,0.5173277184152674,0.005546428105381322,0.48350409784069426,0.5640576521684529,0.43915357851830417,0.45336449429187503,0.5208251163600432,0.49218098783587394,0.045564582088416454,12,0.5232230199106501,0.5058942550023052,0.5000882187447729,0.5273665213453272,0.5140020614234272,0.5141148152852966,0.010226464103580047
41.941098022460935,0.3722878416726512,0.0394798755645752,0.0013851482521160796,0.6842330265121569,6,413,1.0975998502129432,0.15049772641332726,0.5175599632000338,"{'classifier__bagging_temperature': np.float64(0.6842330265121569), 'classifier__depth': 6, 'classifier__iterations': 413, 'classifier__l2_leaf_reg': np.float64(1.0975998502129432), 'classifier__learning_rate': np.float64(0.15049772641332726), 'classifier__random_strength': np.float64(0.5175599632000338)}",0.6201106144201469,0.6538236911547167,0.6458944050433412,0.6829292929292929,0.6440480167286325,0.6493612040552261,0.0202117591056615,1,0.8618682665187034,0.9149456700088514,0.9145620091656067,0.9131998710414068,0.8598342456240397,0.8928820124717216,0.026167345868763386,0.5276699223283404,0.5873859655960194,0.571011944691597,0.6407861505615943,0.588952808632908,0.5831613583620918,0.03632881116739401,1,0.8319417207283655,0.8916518225594788,0.9026929664204182,0.8849642124108384,0.8335871681121201,0.8689675780462442,0.03010168300394576
9.427558135986327,0.4339351171300173,0.039013338088989255,0.0014291506843500776,0.662522284353982,4,203,4.395225692486302,0.03600988550408199,1.9391692555291171,"{'classifier__bagging_temperature': np.float64(0.662522284353982), 'classifier__depth': 4, 'classifier__iterations': 203, 'classifier__l2_leaf_reg': np.float64(4.395225692486302), 'classifier__learning_rate': np.float64(0.03600988550408199), 'classifier__random_strength': np.float64(1.9391692555291171)}",0.5082622601279317,0.5464113995978669,0.4875560995512036,0.510098452883263,0.4949905838041431,0.5094637591928818,0.020280004558128572,11,0.523948138005646,0.5633618115814477,0.5145758027398512,0.5246186975275614,0.5243777777777777,0.5301764455264568,0.017017364664433793,0.49615392261857155,0.5635915403888747,0.4392814042459847,0.4926157532944455,0.4833002291198956,0.49498856993355445,0.03988298253866038,11,0.5235129105923239,0.5307227415386782,0.5094669286243411,0.5242580441270163,0.5200739994982937,0.5216069248761306,0.006978376565726578
16.878638410568236,0.09041216807766651,0.03789844512939453,0.0012624918990021025,0.7751328233611146,4,351,11.282325501221333,0.08138401098738425,1.8437484700462337,"{'classifier__bagging_temperature': np.float64(0.7751328233611146), 'classifier__depth': 4, 'classifier__iterations': 351, 'classifier__l2_leaf_reg': np.float64(11.282325501221333), 'classifier__learning_rate': np.float64(0.08138401098738425), 'classifier__random_strength': np.float64(1.8437484700462337)}",0.6293059722041071,0.5840634971424508,0.5491078279958427,0.5893180734382452,0.5682095682095682,0.5840009877980428,0.026637261318529903,8,0.6750969400365813,0.6375647563709432,0.6369798138759463,0.6788971433118253,0.6299738972059266,0.6517025101602445,0.020859596882456952,0.5483351242129583,0.551817172584599,0.5041906172916187,0.5397243099436937,0.5793668797179095,0.5446868207501557,0.024213333242269625,8,0.6332144612592655,0.6180075298960029,0.6237403908168521,0.6342769341883275,0.5948496889273216,0.6208178010175539,0.014322063058788049
34.3327796459198,0.14940141343240565,0.0391047477722168,0.0029498996369828447,0.0884925020519195,6,339,2.413338039141455,0.05384751671537014,0.5426980635477918,"{'classifier__bagging_temperature': np.float64(0.0884925020519195), 'classifier__depth': 6, 'classifier__iterations': 339, 'classifier__l2_leaf_reg': np.float64(2.413338039141455), 'classifier__learning_rate': np.float64(0.05384751671537014), 'classifier__random_strength': np.float64(0.5426980635477918)}",0.6505609942519558,0.6178599390549575,0.586675366828958,0.5803856136447905,0.6350574712643678,0.6141078770090059,0.027098069624876053,6,0.7202934168214737,0.7326628177319527,0.6979681079983738,0.7142974039576554,0.7055453394532428,0.7141534171925397,0.011969807617808994,0.5858696747899597,0.5966865389807574,0.49923628768484973,0.5510682737480787,0.6022494781012159,0.5670220506609722,0.03827693589273135,5,0.6930746576360405,0.6964673956285172,0.6736941126698888,0.6710474549047553,0.6772275576514887,0.6823022356981381,0.010423234241972501
18.016723728179933,0.3082983352856132,0.03994207382202149,0.004639164575825499,0.8287375091519293,4,366,2.1399549030176215,0.07298119940105677,0.2818484499495253,"{'classifier__bagging_temperature': np.float64(0.8287375091519293), 'classifier__depth': 4, 'classifier__iterations': 366, 'classifier__l2_leaf_reg': np.float64(2.1399549030176215), 'classifier__learning_rate': np.float64(0.07298119940105677), 'classifier__random_strength': np.float64(0.2818484499495253)}",0.6431516803609827,0.6241942191723852,0.5713899357594192,0.6182539682539682,0.6698960255145092,0.6253771658122529,0.03244879828781616,5,0.7193031774427124,0.725495140895819,0.7007258966685649,0.7466196191486049,0.702092336588433,0.7188472341488269,0.016880861241729807,0.5727471873327757,0.5754354984467736,0.5218109266577842,0.5629156065235387,0.6450935254950637,0.5756005488911872,0.03972826181443613,2,0.6928863839173452,0.6962169485192785,0.6759843296142065,0.6987936868022595,0.6641549876618308,0.6856072673029842,0.013358396348155468
