finalist,held_out_country,rows,observed_classes,macro_f1_observed_classes,balanced_accuracy,mcc,accuracy,support_Functional,support_Partially functional,support_Abandoned or not functional
XGBoost / none,Ethiopia,307,"Functional, Partially functional, Abandoned or not functional",0.4116235432987567,0.4275549081129539,0.35798350509803445,0.6840390879478827,184,26,97
XGBoost / none,India,105,"Functional, Partially functional, Abandoned or not functional",0.6577540106951871,0.6666666666666666,0.7882697328459344,0.9523809523809523,91,5,9
XGBoost / none,Malawi,215,"Functional, Partially functional, Abandoned or not functional",0.43060686015831134,0.440952380952381,0.19138649139656852,0.8093023255813954,175,26,14
XGBoost / none,Mali,126,"Functional, Partially functional, Abandoned or not functional",0.5440613026819924,0.5274853801169591,0.5835737282406381,0.9365079365079365,114,2,10
XGBoost / none,Mozambique,93,"Functional, Partially functional, Abandoned or not functional",0.4868173258003767,0.4886363636363636,0.19465964317653095,0.9247311827956989,88,3,2
XGBoost / none,Nepal,267,"Functional, Partially functional, Abandoned or not functional",0.3588121732717295,0.41041998936735774,0.08367836833679812,0.3595505617977528,165,45,57
XGBoost / none,Niger,113,"Functional, Partially functional, Abandoned or not functional",0.49529964747356053,0.4781746031746032,0.49290812898412917,0.8230088495575221,84,5,24
XGBoost / none,Rwanda,103,"Functional, Partially functional, Abandoned or not functional",0.3851104401716192,0.406729986431479,0.09253432544632972,0.46601941747572817,67,11,25
XGBoost / none,Uganda,105,"Functional, Partially functional, Abandoned or not functional",0.661641541038526,0.6666666666666666,0.7494879903796589,0.9714285714285714,98,3,4
Random Forest / none / {'select_k': 60},Ethiopia,307,"Functional, Partially functional, Abandoned or not functional",0.5877333056374172,0.6109367996414165,0.708610999863208,0.8501628664495114,184,26,97
Random Forest / none / {'select_k': 60},India,105,"Functional, Partially functional, Abandoned or not functional",0.6577540106951871,0.6666666666666666,0.7882697328459344,0.9523809523809523,91,5,9
Random Forest / none / {'select_k': 60},Malawi,215,"Functional, Partially functional, Abandoned or not functional",0.43254630331833427,0.5876190476190476,0.23597616433825633,0.7395348837209302,175,26,14
Random Forest / none / {'select_k': 60},Mali,126,"Functional, Partially functional, Abandoned or not functional",0.5688463583200426,0.5608187134502923,0.6476686016794536,0.9444444444444444,114,2,10
Random Forest / none / {'select_k': 60},Mozambique,93,"Functional, Partially functional, Abandoned or not functional",0.494413407821229,0.5,0.4650640345704277,0.956989247311828,88,3,2
Random Forest / none / {'select_k': 60},Nepal,267,"Functional, Partially functional, Abandoned or not functional",0.2047056956419451,0.3475101896154527,-0.00941005180544498,0.24344569288389514,165,45,57
Random Forest / none / {'select_k': 60},Niger,113,"Functional, Partially functional, Abandoned or not functional",0.4427035330261137,0.43253968253968256,0.361683952324873,0.7876106194690266,84,5,24
Random Forest / none / {'select_k': 60},Rwanda,103,"Functional, Partially functional, Abandoned or not functional",0.3616319078716382,0.4642786069651741,0.28995696292606227,0.5145631067961165,67,11,25
Random Forest / none / {'select_k': 60},Uganda,105,"Functional, Partially functional, Abandoned or not functional",0.661641541038526,0.6666666666666666,0.7494879903796589,0.9714285714285714,98,3,4
