finalist,class,support,precision,recall,f1,average_precision
HistGradientBoosting / none,Functional,1066,0.8835202761000863,0.9606003752345216,0.9204494382022472,0.9521598986445816
HistGradientBoosting / none,Partially functional,126,0.6730769230769231,0.2777777777777778,0.39325842696629215,0.40329523242971543
HistGradientBoosting / none,Abandoned or not functional,242,0.8026905829596412,0.7396694214876033,0.7698924731182796,0.8365828988093962
XGBoost / none,Functional,1066,0.8882042253521126,0.9465290806754222,0.9164396003633061,0.9522620673705771
XGBoost / none,Partially functional,126,0.5416666666666666,0.30952380952380953,0.3939393939393939,0.40747854525012867
XGBoost / none,Abandoned or not functional,242,0.7920353982300885,0.7396694214876033,0.7649572649572649,0.8620689285791052
Random Forest / none / {'select_k': 60},Functional,1066,0.8911325724319579,0.9521575984990619,0.9206349206349206,0.9537169962532366
Random Forest / none / {'select_k': 60},Partially functional,126,0.6176470588235294,0.3333333333333333,0.4329896907216495,0.42453438439811675
Random Forest / none / {'select_k': 60},Abandoned or not functional,242,0.801762114537445,0.7520661157024794,0.7761194029850746,0.8545295700667599
