mean_fit_time,std_fit_time,mean_score_time,std_score_time,param_classifier__l2_regularization,param_classifier__learning_rate,param_classifier__max_depth,param_classifier__max_iter,param_classifier__max_leaf_nodes,param_classifier__min_samples_leaf,params,split0_test_f1_macro,split1_test_f1_macro,split2_test_f1_macro,split3_test_f1_macro,split4_test_f1_macro,mean_test_f1_macro,std_test_f1_macro,rank_test_f1_macro,split0_train_f1_macro,split1_train_f1_macro,split2_train_f1_macro,split3_train_f1_macro,split4_train_f1_macro,mean_train_f1_macro,std_train_f1_macro,split0_test_mcc,split1_test_mcc,split2_test_mcc,split3_test_mcc,split4_test_mcc,mean_test_mcc,std_test_mcc,rank_test_mcc,split0_train_mcc,split1_train_mcc,split2_train_mcc,split3_train_mcc,split4_train_mcc,mean_train_mcc,std_train_mcc
1.2110636711120606,0.1692050684003785,0.06282854080200195,0.009509566372628646,0.03148911647956861,0.18051802745565165,5,151,27,48,"{'classifier__l2_regularization': np.float64(0.03148911647956861), 'classifier__learning_rate': np.float64(0.18051802745565165), 'classifier__max_depth': 5, 'classifier__max_iter': 151, 'classifier__max_leaf_nodes': 27, 'classifier__min_samples_leaf': 48}",0.6646232906335764,0.6779237023139463,0.6518538822798458,0.6733530775385059,0.7002844950213372,0.6736076895574423,0.01602680441165336,18,1.0,1.0,0.9989389247737227,1.0,0.9978825642207957,0.9993642977989037,0.0008472105372905191,0.5800068836108628,0.6292759020235336,0.5843655530946759,0.5996578576378744,0.6697685200871805,0.6126149432908254,0.033386579811876746,18,1.0,1.0,0.9978780893502174,1.0,0.9957674373842063,0.9987291053468847,0.001693589383864385
1.2911142826080322,0.08657195458568236,0.07359790802001953,0.004822169374534799,0.06071989493441298,0.030777004929626824,5,167,27,45,"{'classifier__l2_regularization': np.float64(0.06071989493441298), 'classifier__learning_rate': np.float64(0.030777004929626824), 'classifier__max_depth': 5, 'classifier__max_iter': 167, 'classifier__max_leaf_nodes': 27, 'classifier__min_samples_leaf': 45}",0.6600151171579743,0.6686696380495768,0.6599449551696743,0.6578484219377428,0.6882414209840029,0.6669439106597943,0.011280811615040156,21,0.8297504121099738,0.8417548440508997,0.8305593618750501,0.8503442673766424,0.8248801507012002,0.8354578072227532,0.009270548117712652,0.5819853754578778,0.6336053980307907,0.5869293957848735,0.6082052401575302,0.649231260483624,0.6119913339829391,0.026064430514197733,20,0.7988892285365665,0.7979357956868387,0.7933620032619585,0.8123429795485784,0.7992014549021554,0.8003462923872195,0.006355233744047281
1.0249832153320313,0.05304134313032393,0.06956067085266113,0.008360446399543104,0.003727925903376985,0.09677225724712923,,81,30,53,"{'classifier__l2_regularization': np.float64(0.003727925903376985), 'classifier__learning_rate': np.float64(0.09677225724712923), 'classifier__max_depth': None, 'classifier__max_iter': 81, 'classifier__max_leaf_nodes': 30, 'classifier__min_samples_leaf': 53}",0.6732260594935505,0.714199500479808,0.6837745431846556,0.6763699714919227,0.7248610044897296,0.6944862158279332,0.021005589089743718,1,0.9781413293303934,0.9846800018778987,0.9789716832548913,0.9800620376819315,0.97508762047801,0.979388534524625,0.0031202685995801826,0.5945741507081352,0.6735998887519042,0.634961541946909,0.6201647090537883,0.6885043970473557,0.6423609375016184,0.03445603441487705,1,0.9680794568830893,0.9744692707170495,0.9680026658727365,0.9701432989858373,0.9638090057027466,0.9689007396322917,0.0034629261739175642
0.8661752223968506,0.072668981227548,0.0570408821105957,0.004753147308046722,5.678201970293126,0.025040517749353484,6,100,7,21,"{'classifier__l2_regularization': np.float64(5.678201970293126), 'classifier__learning_rate': np.float64(0.025040517749353484), 'classifier__max_depth': 6, 'classifier__max_iter': 100, 'classifier__max_leaf_nodes': 7, 'classifier__min_samples_leaf': 21}",0.5859763208077815,0.6204055380657392,0.6340277777777777,0.6392044211705209,0.6084002140181916,0.6176028543680022,0.01912687662789699,29,0.7070257923217286,0.7002221488644761,0.7030655955201555,0.7318699983416481,0.6853102947722512,0.7054987659640519,0.01509378071986585,0.5519247271024598,0.6078474945268627,0.5833742136143445,0.5744597695962398,0.5815833743002529,0.5798379158280319,0.0179340965087047,27,0.669530739551828,0.6605884870507506,0.6762334546763986,0.6887334763012792,0.6353747388327259,0.6660921792825965,0.01789496728133647
0.8193960189819336,0.07894385072692159,0.05982666015625,0.003980824100993329,0.27964859516062457,0.02537006139235579,3,128,16,37,"{'classifier__l2_regularization': np.float64(0.27964859516062457), 'classifier__learning_rate': np.float64(0.02537006139235579), 'classifier__max_depth': 3, 'classifier__max_iter': 128, 'classifier__max_leaf_nodes': 16, 'classifier__min_samples_leaf': 37}",0.6313319530710836,0.6170462387853692,0.5742609044822568,0.6344949065425322,0.6029441419641056,0.6120156289690695,0.021961131253735767,30,0.6891131058139406,0.7150459163713219,0.6972943614344472,0.7031829668439574,0.7003362303013528,0.7009945161530039,0.00845604590066803,0.5909217560499024,0.5967660733326615,0.49923628768484973,0.5752700446375639,0.5700604759078038,0.5664509275225562,0.03500412258305867,30,0.651516564425081,0.6602655465457035,0.6554348825866678,0.649988219414288,0.6460126120429536,0.6526435650029387,0.004861616688853126
2.3398202896118163,0.20897443705819232,0.07823486328125,0.011070768324252264,7.8527554947242555,0.040565186357029735,5,187,29,12,"{'classifier__l2_regularization': np.float64(7.8527554947242555), 'classifier__learning_rate': np.float64(0.040565186357029735), 'classifier__max_depth': 5, 'classifier__max_iter': 187, 'classifier__max_leaf_nodes': 29, 'classifier__min_samples_leaf': 12}",0.675877560829667,0.6889055639619973,0.6645490782262082,0.6733297055444707,0.6700925925925926,0.6745509002309872,0.008114439796445487,17,0.9095994199839589,0.8809126336392993,0.88111232806483,0.9033142331825532,0.9020495039028479,0.8953976237546979,0.012020780690672014,0.5962861242148542,0.6468601934977157,0.6147435278568896,0.5942698094569573,0.6362421885650806,0.6176803687182995,0.02102568118862766,14,0.8855355850450815,0.8464811829917227,0.8510860954988431,0.8783897862932781,0.8809654090043169,0.8684916117666486,0.016318562884071255
1.3481571674346924,0.053124366185539736,0.07168698310852051,0.007174174174530825,2.752717392942941,0.10287715244819691,3,246,24,13,"{'classifier__l2_regularization': np.float64(2.752717392942941), 'classifier__learning_rate': np.float64(0.10287715244819691), 'classifier__max_depth': 3, 'classifier__max_iter': 246, 'classifier__max_leaf_nodes': 24, 'classifier__min_samples_leaf': 13}",0.6591791058788187,0.6966292134831461,0.7039805954279639,0.6662494510320597,0.6842313575730347,0.6820539446790046,0.01715224690973004,10,0.9671085889855128,0.958288756827656,0.9523124413705784,0.9660946508877677,0.9687015433168543,0.9625011962776737,0.006231222346895592,0.5701026911247042,0.6450089144828259,0.6125846828089283,0.5855200771046358,0.6620513882471415,0.6150535507536472,0.034655509522436796,15,0.9573924395504335,0.9443291784253831,0.9356957504977815,0.9529175104274042,0.9595075802158808,0.9499684918233766,0.008835371169216616
0.8589978218078613,0.010152129405628766,0.05819149017333984,0.004044010715683806,5.872283616443723,0.08065660876593818,4,88,32,11,"{'classifier__l2_regularization': np.float64(5.872283616443723), 'classifier__learning_rate': np.float64(0.08065660876593818), 'classifier__max_depth': 4, 'classifier__max_iter': 88, 'classifier__max_leaf_nodes': 32, 'classifier__min_samples_leaf': 11}",0.6643269428983715,0.6859278973488646,0.6440308685584206,0.6757088800432453,0.6318364206013302,0.6603662018900465,0.01992624928286479,25,0.8539495386028645,0.8514026805541451,0.8316183761953694,0.858466063782149,0.8395686979868695,0.8470010714242795,0.009909277433280858,0.5929101936510126,0.6434345707524365,0.5746239611120461,0.6180747034683676,0.6255787029604495,0.6109244263888625,0.02435167399230476,21,0.8199389808690485,0.8097403475379067,0.8004410307139315,0.8144011956902316,0.805890239527079,0.8100823588676395,0.0067298052521820705
0.7975241661071777,0.03599644127749854,0.06076273918151855,0.00763384853021925,0.5456725485601477,0.06243632297777641,6,87,21,44,"{'classifier__l2_regularization': np.float64(0.5456725485601477), 'classifier__learning_rate': np.float64(0.06243632297777641), 'classifier__max_depth': 6, 'classifier__max_iter': 87, 'classifier__max_leaf_nodes': 21, 'classifier__min_samples_leaf': 44}",0.6793045243736587,0.6581959706959707,0.6607250094007644,0.635247582540659,0.6897361892949146,0.6646418552611936,0.01879166753744495,23,0.8751254489940513,0.8838812822480135,0.8819172063069239,0.8690900220693897,0.8745164653287462,0.876906084989425,0.005361650863224644,0.6037144671743233,0.6230903744568534,0.5855738494426175,0.5688799214051223,0.6590472966698323,0.6080611818297498,0.031257657468710655,23,0.8448584456284767,0.8489319989279936,0.8488695244745789,0.8402159822374966,0.8473320560983362,0.8460416014733765,0.003266634853185796
0.9376484870910644,0.11332664662001848,0.07777915000915528,0.005895730086596391,4.337920697490942,0.042819502674317875,6,81,12,51,"{'classifier__l2_regularization': np.float64(4.337920697490942), 'classifier__learning_rate': np.float64(0.042819502674317875), 'classifier__max_depth': 6, 'classifier__max_iter': 81, 'classifier__max_leaf_nodes': 12, 'classifier__min_samples_leaf': 51}",0.6430703575478359,0.5998840304451835,0.6482067062818336,0.6074448895448262,0.6140826482545867,0.6225377264148533,0.0194574277910636,28,0.7535367421494126,0.7870399209630449,0.7406951404260482,0.7633107839235973,0.7408151164305151,0.7570795407785236,0.01721617999640338,0.5757654384661378,0.5906756683921972,0.5832400272693485,0.5309300295370709,0.5951758590800627,0.5751574045489634,0.02307948972680721,29,0.7072148298473881,0.7382849645952856,0.7039876924562974,0.7163041550968707,0.7048064045400441,0.7141196093071772,0.012851491259801666
2.2327917575836183,0.1168254042512182,0.10005483627319336,0.008126289335217625,0.18655260217376832,0.02668202148570101,4,297,18,43,"{'classifier__l2_regularization': np.float64(0.18655260217376832), 'classifier__learning_rate': np.float64(0.02668202148570101), 'classifier__max_depth': 4, 'classifier__max_iter': 297, 'classifier__max_leaf_nodes': 18, 'classifier__min_samples_leaf': 43}",0.6907697170855066,0.7009702009702009,0.6565223850672944,0.6655361757105943,0.6917893483437974,0.6811175654354787,0.017022812474407293,12,0.8596403638715348,0.8709175510288606,0.8701226358414805,0.8606655410473226,0.8697569384853288,0.8662206060549054,0.004978978008234774,0.6244408032566968,0.6458689702029632,0.5745828372493309,0.6284145938495483,0.6582859527121075,0.6263186314541294,0.02859593353156451,7,0.821917002560034,0.8374039417034758,0.8375304467652895,0.8262627934190757,0.8427901156843758,0.8331808600264502,0.007795194013707439
2.6899152755737306,0.11575792347950319,0.09038419723510742,0.007489479436782778,0.03807158379249393,0.1717103018733181,6,269,14,30,"{'classifier__l2_regularization': np.float64(0.03807158379249393), 'classifier__learning_rate': np.float64(0.1717103018733181), 'classifier__max_depth': 6, 'classifier__max_iter': 269, 'classifier__max_leaf_nodes': 14, 'classifier__min_samples_leaf': 30}",0.6667205534677413,0.6795615731785944,0.6658820146987475,0.6948402752914031,0.7307993765464298,0.6875607586365832,0.024045118006258477,6,1.0,1.0,1.0,1.0,1.0,1.0,0.0,0.6002075684684162,0.63168448207467,0.5753823079372439,0.6390761813445579,0.6849255832280586,0.6262552246105892,0.03715534629051939,8,1.0,1.0,1.0,1.0,1.0,1.0,0.0
1.7016246795654297,0.016430489901349456,0.07389335632324219,0.0040957479090315265,0.03586816498627549,0.04395341283691531,,103,32,34,"{'classifier__l2_regularization': np.float64(0.03586816498627549), 'classifier__learning_rate': np.float64(0.04395341283691531), 'classifier__max_depth': None, 'classifier__max_iter': 103, 'classifier__max_leaf_nodes': 32, 'classifier__min_samples_leaf': 34}",0.6768303651735924,0.6941102176001505,0.7098173361331256,0.6884813875660557,0.6954983249025845,0.6929475262751017,0.010697272421899282,2,0.979009846707842,0.9802748041500036,0.9695278324835056,0.9759231865759078,0.97504989095104,0.9759571121736599,0.003744902956445082,0.6271386351930381,0.6530019442019879,0.6357962735659373,0.6263597768239405,0.6514886400842611,0.638757053973833,0.011510486860427585,2,0.9680820575840496,0.9722763942392036,0.9529813545966214,0.9637140971046434,0.9638605870012115,0.9641828981051459,0.006426606571326616
1.385228204727173,0.04578807184202547,0.08115243911743164,0.009796724424497992,0.013296521457299506,0.07727578177010914,3,236,21,54,"{'classifier__l2_regularization': np.float64(0.013296521457299506), 'classifier__learning_rate': np.float64(0.07727578177010914), 'classifier__max_depth': 3, 'classifier__max_iter': 236, 'classifier__max_leaf_nodes': 21, 'classifier__min_samples_leaf': 54}",0.6630977376206091,0.6916142897821725,0.6542471819645732,0.6607520496820505,0.669575501026543,0.6678573520151896,0.012850837383817607,20,0.9273514953183789,0.9237757850428373,0.9109229557290625,0.9216869059676123,0.918763701707098,0.9205001687529979,0.005546476541150111,0.5709752534444954,0.6471828549012519,0.6008585331069817,0.6006817802393655,0.6494677940476118,0.6138332431479412,0.030199765497834784,16,0.9076781255410666,0.9048443898966965,0.8894784106067807,0.9005599546327835,0.8943634541035761,0.8993848669561807,0.006683080490019205
1.3857186317443848,0.07447897911614025,0.08288593292236328,0.008533349470251172,0.0019870215385428634,0.1946201125648597,3,215,30,20,"{'classifier__l2_regularization': np.float64(0.0019870215385428634), 'classifier__learning_rate': np.float64(0.1946201125648597), 'classifier__max_depth': 3, 'classifier__max_iter': 215, 'classifier__max_leaf_nodes': 30, 'classifier__min_samples_leaf': 20}",0.6495856099438593,0.6483043498825422,0.6738557653889462,0.6823983522275743,0.7235093606355271,0.6755306876156898,0.027445741994663465,16,1.0,1.0,1.0,1.0,1.0,1.0,0.0,0.5701026911247042,0.5733359348930538,0.5717523437314341,0.619326889483783,0.6651481843000505,0.5999332087066052,0.037471439257137425,25,1.0,1.0,1.0,1.0,1.0,1.0,0.0
1.0550201416015625,0.06677340173700078,0.0765120506286621,0.007788900682436048,0.006242659053860572,0.10973516058616033,5,112,11,51,"{'classifier__l2_regularization': np.float64(0.006242659053860572), 'classifier__learning_rate': np.float64(0.10973516058616033), 'classifier__max_depth': 5, 'classifier__max_iter': 112, 'classifier__max_leaf_nodes': 11, 'classifier__min_samples_leaf': 51}",0.6594089562384321,0.6688205257920159,0.7047903516128874,0.6784692856121427,0.6901884460108096,0.6803355130532575,0.01593184191144401,15,0.9659967955315018,0.9686769625040516,0.9535377650919511,0.9610634252976621,0.9520938322680824,0.9602737561386497,0.006576858891626642,0.5640147180194989,0.6186314421191395,0.6428301843441556,0.6018732722047406,0.6686508516888091,0.6192000936752687,0.03563629174385523,13,0.9552979549485724,0.9551676603658631,0.940074224277637,0.9486378258602971,0.9381312791552305,0.9474617889215201,0.007263656647557262
0.9654033184051514,0.04171700300160133,0.07330150604248047,0.005944577476255251,0.02715581955282941,0.031811210548736917,3,151,18,43,"{'classifier__l2_regularization': np.float64(0.02715581955282941), 'classifier__learning_rate': np.float64(0.031811210548736917), 'classifier__max_depth': 3, 'classifier__max_iter': 151, 'classifier__max_leaf_nodes': 18, 'classifier__min_samples_leaf': 43}",0.677572472694424,0.6167643384726309,0.6107330963657717,0.6370991209172874,0.598656178302196,0.628165041350462,0.027660563190845783,27,0.7299845864391235,0.7486110562942558,0.7176844179428592,0.7614659845074593,0.7415933118549795,0.7398678714077355,0.015071057332280629,0.6170040201184354,0.5974063997658405,0.5395396352728584,0.5742849264588257,0.5527990946196529,0.5762068152471225,0.028319362414544087,28,0.6769894448126482,0.6986457904758857,0.6811243405372204,0.7143101180066966,0.6999483642154883,0.6942036116095879,0.013597070312221583
2.6386796474456786,0.28949746529385284,0.1007359504699707,0.01080676218757893,0.002407911195464457,0.05405330573515436,,178,18,49,"{'classifier__l2_regularization': np.float64(0.002407911195464457), 'classifier__learning_rate': np.float64(0.05405330573515436), 'classifier__max_depth': None, 'classifier__max_iter': 178, 'classifier__max_leaf_nodes': 18, 'classifier__min_samples_leaf': 49}",0.670951343500363,0.6784644194756555,0.6774579508064701,0.6960399726357173,0.7321073813013236,0.6910042135439058,0.022170676740840233,3,0.9920248538011696,0.9938786466751578,0.9917422981958536,0.9930816113826523,0.9873865456579326,0.9916227911425531,0.002251166488739386,0.5897500541403945,0.6259521347364218,0.6232494812226153,0.6484036717034696,0.6982073761325801,0.6371125435870962,0.03583298136724241,3,0.9872828328825303,0.9893784438440189,0.9851112134647123,0.9893776583532538,0.983035563529213,0.9868371424147456,0.0024715139872072346
2.053878116607666,0.20124351530379936,0.09646005630493164,0.008060730330245878,0.012557036943140691,0.08031438290695843,5,180,21,23,"{'classifier__l2_regularization': np.float64(0.012557036943140691), 'classifier__learning_rate': np.float64(0.08031438290695843), 'classifier__max_depth': 5, 'classifier__max_iter': 180, 'classifier__max_leaf_nodes': 21, 'classifier__min_samples_leaf': 23}",0.6640289367690156,0.6690893993619961,0.6915686229187373,0.6803438596751666,0.7198497382408183,0.6849761113931467,0.019860818500751495,8,0.9989431701359685,0.9970733116187801,0.9957471376528754,1.0,0.9978825642207957,0.9979292367256839,0.0014705416671172745,0.5809707453465116,0.6106292463133737,0.6079390324031108,0.6205692218188065,0.6930015629513652,0.6226219617666336,0.037554598845223136,11,0.997883258343166,0.9957525659028928,0.9915019150503015,1.0,0.9957674373842063,0.9961810353361132,0.0028188958916524906
2.5399065017700195,0.08595115496381303,0.09216971397399902,0.00846575320833496,2.486882676461325,0.11213126265396486,5,216,21,24,"{'classifier__l2_regularization': np.float64(2.486882676461325), 'classifier__learning_rate': np.float64(0.11213126265396486), 'classifier__max_depth': 5, 'classifier__max_iter': 216, 'classifier__max_leaf_nodes': 21, 'classifier__min_samples_leaf': 24}",0.6526414420845975,0.6936441936441936,0.7010625270579505,0.6642500627497431,0.7303921568627452,0.6883980764798461,0.027615489535177232,5,1.0,1.0,0.9978821066357284,1.0,1.0,0.9995764213271456,0.0008471573457086379,0.5831014080268221,0.6363975893615013,0.6261114906639996,0.5868427577906011,0.6998675480060685,0.6264641587697986,0.04227774482404716,6,1.0,1.0,0.9957561742669503,1.0,1.0,0.9991512348533901,0.0016975302932198844
1.2770627975463866,0.0442346027668562,0.07486133575439453,0.007156009477430522,0.0027769194556163876,0.06233047039403245,5,142,13,58,"{'classifier__l2_regularization': np.float64(0.0027769194556163876), 'classifier__learning_rate': np.float64(0.06233047039403245), 'classifier__max_depth': 5, 'classifier__max_iter': 142, 'classifier__max_leaf_nodes': 13, 'classifier__min_samples_leaf': 58}",0.6684506630841893,0.684879007067457,0.6916893590280687,0.6428233401164166,0.7218647498080815,0.6819414238208427,0.02611416738852117,11,0.9184846887614738,0.9135142104272539,0.9020553132490585,0.9103470808090197,0.9100647205910364,0.9108932027675685,0.005358978704932858,0.5871940683706516,0.6489937184423157,0.6322144785591945,0.5790057299788801,0.6690984388769069,0.6233012868455898,0.034936378593621614,10,0.8943292356110637,0.884958381391412,0.8784725709811152,0.8849825847204311,0.8879240229078477,0.886133359122374,0.0051336419343023625
2.6459194660186767,0.08912110504625224,0.09335889816284179,0.0055567739429965195,0.018089390092767135,0.0719821986127251,,230,13,54,"{'classifier__l2_regularization': np.float64(0.018089390092767135), 'classifier__learning_rate': np.float64(0.0719821986127251), 'classifier__max_depth': None, 'classifier__max_iter': 230, 'classifier__max_leaf_nodes': 13, 'classifier__min_samples_leaf': 54}",0.677741935483871,0.673940530919936,0.6756162047408386,0.6733075909562619,0.7433281004709577,0.6887868725143731,0.027313823192349665,4,0.9989431701359685,0.9981296837634765,0.9960286864091143,1.0,0.9978910092940622,0.9981985099205243,0.0013120452041565237,0.6035131707028443,0.6364029360057766,0.6140096313537975,0.607960072720476,0.7005716596336704,0.632491494083313,0.03587010295288712,4,0.997883258343166,0.9978772181133924,0.9936282007116007,1.0,0.9957674142514259,0.9970312182839169,0.0021648594449441842
2.5861602306365965,0.019558757450518063,0.10320034027099609,0.011196215992812512,0.14433257678806036,0.03813489610018478,,239,13,60,"{'classifier__l2_regularization': np.float64(0.14433257678806036), 'classifier__learning_rate': np.float64(0.03813489610018478), 'classifier__max_depth': None, 'classifier__max_iter': 239, 'classifier__max_leaf_nodes': 13, 'classifier__min_samples_leaf': 60}",0.6684506630841893,0.6731006320223601,0.6833223891598429,0.672397849447878,0.7057544835049988,0.6806052034438539,0.013500233249832048,13,0.9750460689437195,0.9733505081175321,0.9573709670807199,0.9732395519557314,0.9668330588829926,0.9691680309961391,0.006530613136639284,0.5871940683706516,0.6190742775167697,0.6145579876645257,0.6022572468379583,0.6801159704741155,0.6206399101728042,0.0317281874083991,12,0.9638531500538563,0.9573551157750138,0.9399549971712201,0.961591545045785,0.9531602385814228,0.9551830093254596,0.008449173597573691
3.6245253562927244,0.0868273011629997,0.09024157524108886,0.0066884548260038885,0.00441453687649448,0.17279877104759242,,141,31,15,"{'classifier__l2_regularization': np.float64(0.00441453687649448), 'classifier__learning_rate': np.float64(0.17279877104759242), 'classifier__max_depth': None, 'classifier__max_iter': 141, 'classifier__max_leaf_nodes': 31, 'classifier__min_samples_leaf': 15}",0.6492248062015503,0.6707778016196585,0.7010345343981461,0.6892145823780266,0.7201495409313322,0.6860802531057428,0.024440376060502787,7,1.0,1.0,1.0,1.0,1.0,1.0,0.0,0.5764787450117573,0.6132995210788952,0.6456833001200724,0.6323530597480962,0.6791685694888174,0.6293966390895278,0.03409006168425152,5,1.0,1.0,1.0,1.0,1.0,1.0,0.0
1.207939577102661,0.027809473071982328,0.07498416900634766,0.004784067503183501,0.06700979385989832,0.03937416711942702,6,109,17,37,"{'classifier__l2_regularization': np.float64(0.06700979385989832), 'classifier__learning_rate': np.float64(0.03937416711942702), 'classifier__max_depth': 6, 'classifier__max_iter': 109, 'classifier__max_leaf_nodes': 17, 'classifier__min_samples_leaf': 37}",0.6750460868107927,0.6718303075828361,0.7082729681880681,0.6544196645179178,0.6930762392154515,0.6805290532630133,0.018518034284776753,14,0.855313867300609,0.8642959129502898,0.8715095488124399,0.8733798549227426,0.857031471862368,0.8643061311696899,0.0073212467575322895,0.6180683931774358,0.6374663462604637,0.6098547814095515,0.6069884341194748,0.6585201241727473,0.6261796158279347,0.019359196113982582,9,0.8245586909813232,0.8259215705047747,0.8397522829754513,0.8424593404054102,0.8270393509051346,0.8319462471544188,0.00756848294822593
1.1199144840240478,0.08345996827354042,0.06924219131469726,0.00841818065971508,0.026618976467932907,0.16477362420970404,3,200,31,22,"{'classifier__l2_regularization': np.float64(0.026618976467932907), 'classifier__learning_rate': np.float64(0.16477362420970404), 'classifier__max_depth': 3, 'classifier__max_iter': 200, 'classifier__max_leaf_nodes': 31, 'classifier__min_samples_leaf': 22}",0.6604667427299574,0.6498126455084848,0.6797788121096392,0.6859243424592969,0.7346632914412684,0.6821291668497294,0.029303173692469077,9,1.0,1.0,0.996816774321168,1.0,0.9978825642207957,0.9989398677083928,0.00134142145673071,0.5743524759908827,0.5826592627481337,0.5833439224427384,0.6205692218188065,0.6929416598585375,0.6107733085718198,0.044083660717783295,22,1.0,1.0,0.9936290646074933,1.0,0.9957674373842063,0.9978793003983399,0.0026838990319944097
1.5376395225524901,0.017835802722063965,0.06929373741149902,0.009527285457880839,2.7728241828010627,0.025364038757747363,5,216,11,42,"{'classifier__l2_regularization': np.float64(2.7728241828010627), 'classifier__learning_rate': np.float64(0.025364038757747363), 'classifier__max_depth': 5, 'classifier__max_iter': 216, 'classifier__max_leaf_nodes': 11, 'classifier__min_samples_leaf': 42}",0.6727936754553161,0.6699670464212574,0.6578466580321048,0.6273216979099332,0.6946371774749412,0.6645132510587105,0.02206089455564138,24,0.830635333132212,0.8099104196686082,0.7976797626293707,0.8199839490906307,0.8076052253857866,0.8131629379813216,0.011251724743438602,0.6112049342547159,0.6405704159024024,0.5746239611120461,0.5559020528675218,0.6560745449662354,0.6076751818205843,0.037973395956546786,24,0.7871383200226373,0.772176961767982,0.7601738723422785,0.7770839080727001,0.7754365433715638,0.7744019211154324,0.008693298227535267
1.376555585861206,0.08792003316281322,0.07163610458374023,0.00923975584018468,0.0030162092627967776,0.05044717944894465,5,197,30,50,"{'classifier__l2_regularization': np.float64(0.0030162092627967776), 'classifier__learning_rate': np.float64(0.05044717944894465), 'classifier__max_depth': 5, 'classifier__max_iter': 197, 'classifier__max_leaf_nodes': 30, 'classifier__min_samples_leaf': 50}",0.6738048501206396,0.6727905017148429,0.6935612082670906,0.6570234664194395,0.6699685331264279,0.673429711929688,0.011721528173362125,19,0.9308077439141269,0.9538842920935119,0.9245177371668497,0.927300548554351,0.9296358332555944,0.9332292309968867,0.010549379661189757,0.5929026753126345,0.6188948502532452,0.6358795451983088,0.5651813327120772,0.6508999931241551,0.6127516793200842,0.030609970309631893,17,0.9095906288073927,0.9376964902968966,0.9051653389818963,0.9049658144952905,0.909997519266727,0.9134831583696407,0.01229079472946541
0.8477431297302246,0.04921280513352802,0.054279232025146486,0.0056216213254883275,0.04124247162072427,0.02861169239385364,4,131,18,48,"{'classifier__l2_regularization': np.float64(0.04124247162072427), 'classifier__learning_rate': np.float64(0.02861169239385364), 'classifier__max_depth': 4, 'classifier__max_iter': 131, 'classifier__max_leaf_nodes': 18, 'classifier__min_samples_leaf': 48}",0.6718560356719251,0.6328275411975852,0.6270833333333333,0.6425917793067552,0.6129334080553592,0.6374584195129915,0.019698279185725774,26,0.7430446984995548,0.7617768835927888,0.7273912313565386,0.7631006579315955,0.7374041231662057,0.7465435189093367,0.013919588136837848,0.614783635709823,0.6301025721622305,0.5735086547605752,0.5853641496873002,0.5847595429639625,0.5977037110567783,0.021197297179908065,26,0.7047512195193251,0.7211382556562844,0.6991399782000505,0.713951466889396,0.6973431807156882,0.7072648201961489,0.009032758507468116
1.1399569511413574,0.0452328623320486,0.06490435600280761,0.006438233273872045,0.09749762207436122,0.04673693172164906,3,263,23,58,"{'classifier__l2_regularization': np.float64(0.09749762207436122), 'classifier__learning_rate': np.float64(0.04673693172164906), 'classifier__max_depth': 3, 'classifier__max_iter': 263, 'classifier__max_leaf_nodes': 23, 'classifier__min_samples_leaf': 58}",0.6847442785544247,0.6567078754578755,0.688691237364511,0.6598886468167514,0.643137610245258,0.6666339296877641,0.017381668383373274,22,0.8575141729821395,0.8405144274709492,0.8495461063951822,0.8560154224160536,0.8561957349561604,0.8519571728440969,0.0063571174599198295,0.60683103164607,0.6132911012106965,0.6223503814960485,0.5965013842458402,0.621113117943513,0.6120174033084336,0.009578831534855189,19,0.8242658722729019,0.812448434215543,0.8241038979093207,0.8169437902928162,0.8316460349951205,0.8218816059371404,0.00662320367291035
