family,strategy,macro_f1,balanced_accuracy,macro_recall,macro_precision,mcc,weighted_f1,accuracy,log_loss,macro_ap,partial_precision,partial_recall,partial_f1,partial_ap,train_macro_f1,train_cv_gap
HistGradientBoosting,none,0.6945334460956064,0.6593491914999675,0.6593491914999675,0.7864292607122169,0.6412597795531055,0.8487194152133696,0.8633193863319386,0.452770781614239,0.7306793432945643,0.6730769230769231,0.2777777777777778,0.39325842696629215,0.40329523242971543,0.979388534524625,0.28485508842901863
HistGradientBoosting,weighting,0.6683472396731781,0.6860559166545862,0.6860559166545862,0.654590287164808,0.5841324630498956,0.8230568579761187,0.8200836820083682,0.49854856149814764,0.7141953751929299,0.3643410852713178,0.373015873015873,0.3686274509803922,0.3660497551901157,0.9383658679321023,0.2700186282589242
HistGradientBoosting,ros,0.6896648957676029,0.6844748829227765,0.6844748829227765,0.6997159549235308,0.6152317470111774,0.8398566213241057,0.8444909344490934,0.5672275476478106,0.7212334024748525,0.44329896907216493,0.3412698412698413,0.38565022421524664,0.3689746727070859,0.9993676275272458,0.3097027317596429
XGBoost,none,0.6917787530866549,0.6652407705622783,0.6652407705622783,0.740635430082956,0.6258408169854327,0.844965575832152,0.8556485355648535,0.4413641503855225,0.7406031803999369,0.5416666666666666,0.30952380952380953,0.3939393939393939,0.40747854525012867,0.9955319979941526,0.30375324490749767
XGBoost,weighting,0.6801019285766664,0.6926744520979554,0.6926744520979554,0.6700870361475261,0.5922578130904095,0.8279668264481456,0.8263598326359832,0.4720931191811602,0.7269253574970546,0.4032258064516129,0.3968253968253968,0.4,0.37787450740891027,0.9857563452203026,0.30565441664363624
XGBoost,ros,0.6868759802757068,0.6889717410781713,0.6889717410781713,0.686866312230145,0.60955027225682,0.8370704351362005,0.8389121338912134,0.4802639505919675,0.7268274352292421,0.41818181818181815,0.36507936507936506,0.3898305084745763,0.3782709712836716,0.9980040644136349,0.31112808413792803
Random Forest,none,0.6984828839318004,0.6652255111235156,0.6652255111235156,0.7682012861769499,0.6199686484950034,0.8430772205361893,0.8542538354253836,0.5032967897920474,0.7434956139124321,0.65625,0.3333333333333333,0.4421052631578947,0.42802269461998554,0.8667361106119241,0.16825322668012377
Random Forest,balanced,0.6873356310434939,0.729650246279958,0.729650246279958,0.6595112046601513,0.5920768578117436,0.8192653369527696,0.810320781032078,0.5457602536970628,0.7405278380574322,0.391304347826087,0.5,0.43902439024390244,0.41725479278465083,0.8872234719815445,0.19988784093805056
Random Forest,balanced_subsample,0.6873356310434939,0.729650246279958,0.729650246279958,0.6595112046601513,0.5920768578117436,0.8192653369527696,0.810320781032078,0.5457602536970628,0.7405278380574322,0.391304347826087,0.5,0.43902439024390244,0.41725479278465083,0.8872234719815445,0.19988784093805056
Random Forest,ros,0.6952854920372307,0.7075747607898384,0.7075747607898384,0.6848824999051845,0.6096194073701664,0.8358604995696541,0.8340306834030683,0.5862662151230841,0.7409310948570599,0.421875,0.42857142857142855,0.4251968503937008,0.42296539930987564,0.9684962867282326,0.27321079469100196
