mean_fit_time,std_fit_time,mean_score_time,std_score_time,param_classifier__bootstrap,param_classifier__max_depth,param_classifier__max_features,param_classifier__min_samples_leaf,param_classifier__min_samples_split,param_classifier__n_estimators,params,split0_test_f1_macro,split1_test_f1_macro,split2_test_f1_macro,split3_test_f1_macro,split4_test_f1_macro,mean_test_f1_macro,std_test_f1_macro,rank_test_f1_macro,split0_train_f1_macro,split1_train_f1_macro,split2_train_f1_macro,split3_train_f1_macro,split4_train_f1_macro,mean_train_f1_macro,std_train_f1_macro,split0_test_mcc,split1_test_mcc,split2_test_mcc,split3_test_mcc,split4_test_mcc,mean_test_mcc,std_test_mcc,rank_test_mcc,split0_train_mcc,split1_train_mcc,split2_train_mcc,split3_train_mcc,split4_train_mcc,mean_train_mcc,std_train_mcc
0.769341230392456,0.07498271418402842,0.14391603469848632,0.012093575304362536,True,16,sqrt,8,8,221,"{'classifier__bootstrap': True, 'classifier__max_depth': 16, 'classifier__max_features': 'sqrt', 'classifier__min_samples_leaf': 8, 'classifier__min_samples_split': 8, 'classifier__n_estimators': 221}",0.5457857292320569,0.5376321574374542,0.45701198026779427,0.47868623340321453,0.5281046314640939,0.5094441463609227,0.03509606692792573,27,0.5992096245872821,0.5707844147820317,0.5544098549977808,0.5830506429368069,0.5422565142170931,0.5699422103041989,0.020183526364221518,0.5089595381336504,0.5521945020752135,0.3604360239967054,0.42590436542327,0.508588944183417,0.4712166747624513,0.06885372427858584,27,0.5760183864734902,0.5687079618025427,0.5689086357109278,0.5863044641437685,0.5415500343382926,0.5682978964938044,0.014831262454006967
1.4449485301971436,0.06357481215067502,0.15157766342163087,0.00981620847609513,True,12,0.8,8,5,251,"{'classifier__bootstrap': True, 'classifier__max_depth': 12, 'classifier__max_features': 0.8, 'classifier__min_samples_leaf': 8, 'classifier__min_samples_split': 5, 'classifier__n_estimators': 251}",0.6307508972054032,0.6465984346779049,0.6612986987914591,0.6447073024544784,0.6354179301199169,0.6437546526498326,0.010539324372011032,15,0.7551918053842902,0.7375037374047663,0.7340703297026505,0.7567759876448165,0.6929706401621657,0.7353025000597377,0.02304363333932174,0.5449789045481703,0.5890100210471173,0.5870205105086349,0.5858844253010584,0.6354672126393109,0.5884722148088584,0.028668070022164347,14,0.7319333594548011,0.7162561139352637,0.7116001155920582,0.7188024549096537,0.6930459169369545,0.7143275921657462,0.01260202732604919
1.6856697082519532,0.08615056991977578,0.18088121414184571,0.01670959417741249,True,,0.5,8,13,393,"{'classifier__bootstrap': True, 'classifier__max_depth': None, 'classifier__max_features': 0.5, 'classifier__min_samples_leaf': 8, 'classifier__min_samples_split': 13, 'classifier__n_estimators': 393}",0.661463070859044,0.6262749898000816,0.6416522881587209,0.6460484328509559,0.6301820385520825,0.6411241640441769,0.01247739199353673,16,0.7472759275562457,0.7355701267748218,0.7299904491736,0.7613166705045188,0.7034834182177243,0.7355273184453821,0.019290364389279568,0.5821131018787777,0.5765286761692775,0.5663843831039548,0.5647649613273732,0.6245406563354224,0.5828663557629612,0.02180273746801097,17,0.7121698472757365,0.7163684684350258,0.7091270915721837,0.7236900262477359,0.7029686734745314,0.7128648214010427,0.006954825081961305
0.4011054039001465,0.031072857053573842,0.08437633514404297,0.0038618347494030385,False,16,sqrt,1,13,121,"{'classifier__bootstrap': False, 'classifier__max_depth': 16, 'classifier__max_features': 'sqrt', 'classifier__min_samples_leaf': 1, 'classifier__min_samples_split': 13, 'classifier__n_estimators': 121}",0.645045843926732,0.6388840380484995,0.6761935223250223,0.6035371132932109,0.6939223057644109,0.6515165646715751,0.03133904219044329,14,0.8847502658856771,0.8713742889332424,0.8828316682864493,0.8729997731830564,0.8589364668487279,0.8741784926274306,0.009254319278426591,0.5545900076734163,0.6196376891280553,0.5918619855996594,0.5299023862112834,0.6555261049752777,0.5903036347175384,0.04481218541850797,13,0.867863550119026,0.856265118759632,0.8651581881217941,0.8608546163874317,0.8500081541082186,0.8600299254992205,0.006371099416445532
0.8654687881469727,0.03375031066035346,0.15896964073181152,0.018970576443871835,True,16,sqrt,1,11,287,"{'classifier__bootstrap': True, 'classifier__max_depth': 16, 'classifier__max_features': 'sqrt', 'classifier__min_samples_leaf': 1, 'classifier__min_samples_split': 11, 'classifier__n_estimators': 287}",0.6169046933091877,0.6003464066645262,0.5871240850163154,0.5980552666897759,0.6266230469033353,0.6058106997166282,0.014109750516596473,23,0.8289257101607612,0.8047145374397479,0.8060017768827592,0.823817131155502,0.8023661799697633,0.8131650671217068,0.010965440983909851,0.5623370321493543,0.5637688027045716,0.5189650094063679,0.5511707338444537,0.6237219363160738,0.5639927028841643,0.033947809276068885,20,0.8162137597380035,0.7918773110867184,0.7994071648298454,0.805891477689165,0.7975105342199053,0.8021800495127275,0.008322973067421238
1.9703331470489502,0.13765134397359025,0.13649611473083495,0.018783584860737952,False,12,0.8,4,4,234,"{'classifier__bootstrap': False, 'classifier__max_depth': 12, 'classifier__max_features': 0.8, 'classifier__min_samples_leaf': 4, 'classifier__min_samples_split': 4, 'classifier__n_estimators': 234}",0.606568222357696,0.642340625135569,0.7217996602078648,0.6438411048656038,0.7714756258234519,0.6772050476780371,0.06032223984751175,5,0.8524357558715222,0.8154957663123348,0.8593318209415027,0.8635599076036189,0.8175409274773888,0.8416728356412735,0.020853355044613435,0.5294977483008418,0.5936898434683854,0.6376457228178889,0.5524646891350427,0.7013475866536293,0.6029291180751576,0.06150711577149136,9,0.8243987139098157,0.7888797602944847,0.8374981728442619,0.8420876469564971,0.7989585821038412,0.8183645752217801,0.021029676176329337
0.8407090663909912,0.01974821041684701,0.1065755844116211,0.005872263652042833,True,5,0.8,2,5,188,"{'classifier__bootstrap': True, 'classifier__max_depth': 5, 'classifier__max_features': 0.8, 'classifier__min_samples_leaf': 2, 'classifier__min_samples_split': 5, 'classifier__n_estimators': 188}",0.6006706641279945,0.6242579648822116,0.6786175710594314,0.6303501605920961,0.6608106515847767,0.6389414024493021,0.027591754566980767,17,0.7037557931449406,0.7201610866020033,0.6871891149697742,0.7190281824176346,0.6900313664391468,0.7040331087146999,0.013891074271237116,0.5500107939777723,0.5745845829110185,0.6284145938495483,0.5633678814873581,0.6238643963010615,0.5880484497053518,0.032091983526997006,15,0.6500788707645615,0.6662563684337223,0.6480725836923283,0.6610965910078299,0.6411866705359487,0.6533382168868782,0.009089348900677955
0.9340816020965577,0.030058283492815693,0.11403360366821289,0.007110294761410964,False,8,0.5,9,3,191,"{'classifier__bootstrap': False, 'classifier__max_depth': 8, 'classifier__max_features': 0.5, 'classifier__min_samples_leaf': 9, 'classifier__min_samples_split': 3, 'classifier__n_estimators': 191}",0.6559407869107908,0.6301343230823612,0.7252734993112712,0.6272197430717975,0.7163008400778609,0.6709738384908164,0.0419792085743172,8,0.7130632759924237,0.7097166114767424,0.7116379219235075,0.7386232369053816,0.6910969253814002,0.712827594335891,0.015157745409027772,0.5750182844012411,0.5857110364472274,0.6443622036653026,0.5535418291910617,0.6658955466819672,0.60490578007736,0.042840441230926216,7,0.6615511282207657,0.6680474388551011,0.6888149163895569,0.706413357028523,0.6538117226240184,0.6757277126235931,0.01925178663453654
0.7284377098083497,0.0185173726782667,0.09074087142944336,0.006752729927530059,True,16,0.8,8,16,134,"{'classifier__bootstrap': True, 'classifier__max_depth': 16, 'classifier__max_features': 0.8, 'classifier__min_samples_leaf': 8, 'classifier__min_samples_split': 16, 'classifier__n_estimators': 134}",0.6081632944979652,0.6407698932484127,0.6367834109769593,0.6614528459896803,0.626620252448067,0.6347579394322169,0.01747204194368396,18,0.7582042300710089,0.7399012450123386,0.741094470974212,0.7702239005350765,0.7085813492063492,0.743601039159797,0.02082488884885016,0.564271398570788,0.5806274248483314,0.5598658501137339,0.5972831860117408,0.6145567112511912,0.5833209141591571,0.02044944504603549,16,0.7319843516013174,0.7188213593844507,0.7168910292349255,0.7336266422428201,0.7033522239033044,0.7209351212733637,0.011073763091404303
0.4333942413330078,0.014382696596356886,0.0738645076751709,0.0048014953937760025,False,5,0.5,8,5,101,"{'classifier__bootstrap': False, 'classifier__max_depth': 5, 'classifier__max_features': 0.5, 'classifier__min_samples_leaf': 8, 'classifier__min_samples_split': 5, 'classifier__n_estimators': 101}",0.644409138385042,0.6242579648822116,0.7236874236874237,0.6129895301984462,0.7092071788247081,0.6629102471955663,0.04509021845445528,9,0.7011680256875362,0.6977343798059864,0.6794501609390543,0.6896425249775519,0.6684701034405999,0.6872930389701457,0.012023897680178173,0.5525444510217101,0.5745845829110185,0.6495930128514044,0.5635131192789525,0.6557682423235123,0.5992006816773194,0.044262024910793195,11,0.6462470244378608,0.6447928781539934,0.6293494771310675,0.6346921514299974,0.6169769322373544,0.6344116926780548,0.010747275419666363
1.2689105987548828,0.04104314124252475,0.13740286827087403,0.011816946022999585,False,8,0.5,2,13,261,"{'classifier__bootstrap': False, 'classifier__max_depth': 8, 'classifier__max_features': 0.5, 'classifier__min_samples_leaf': 2, 'classifier__min_samples_split': 13, 'classifier__n_estimators': 261}",0.6615330086208867,0.6339345491550842,0.7237753719704473,0.6388884863299019,0.7074406923263132,0.6731144216805267,0.03629168205227932,7,0.7482681670402038,0.7639848587537879,0.7431064698368527,0.7725717600405901,0.7290278987158084,0.7513918308774485,0.015399504508402407,0.58610330826465,0.5967344519903285,0.6347827189488073,0.5746427808558132,0.6566620445282975,0.6097850609175792,0.03094659318733461,3,0.7237786680188967,0.7267757246055748,0.722812029151277,0.7439403574774507,0.6933404817458527,0.7221294521998103,0.0163051775838855
1.5795325756072998,0.031162132739475556,0.1416841506958008,0.006467005805575983,False,16,0.5,8,15,314,"{'classifier__bootstrap': False, 'classifier__max_depth': 16, 'classifier__max_features': 0.5, 'classifier__min_samples_leaf': 8, 'classifier__min_samples_split': 15, 'classifier__n_estimators': 314}",0.659227978622355,0.64560184291126,0.7548448149608517,0.6557575757575758,0.7394272311126243,0.6909718886729334,0.04633321839748631,2,0.8181727723603723,0.778424678601961,0.8033112987713601,0.818198906356801,0.7675715188873085,0.7971358349955605,0.0207291978727607,0.5598610472926676,0.6055953814707602,0.6675787045844801,0.5811700853356466,0.6867070784520238,0.6201824594271156,0.049082277715846924,2,0.7941561207217553,0.7562126849015169,0.7777602123235448,0.7916329868645499,0.7520060723179712,0.7743536154258677,0.017497581769955972
1.2990726947784423,0.023568682220971655,0.15549864768981933,0.01232206928556437,False,5,0.5,8,17,336,"{'classifier__bootstrap': False, 'classifier__max_depth': 5, 'classifier__max_features': 0.5, 'classifier__min_samples_leaf': 8, 'classifier__min_samples_split': 17, 'classifier__n_estimators': 336}",0.6396128071481758,0.6242579648822116,0.7084500466853408,0.6278424640493606,0.7092071788247081,0.6618740923179594,0.038674100343182354,10,0.6942350308253616,0.6975796873799148,0.6750055620446075,0.6954633188810552,0.6594593843374331,0.6843485966936744,0.014853320019834632,0.5491325985558211,0.5745845829110185,0.6390635740706775,0.5633908590946184,0.6557682423235123,0.5963879713911296,0.04276561953483904,12,0.6383893485331261,0.6449063680619362,0.6213590283144353,0.6345729997257503,0.6115556949055404,0.6301566879081577,0.012068382913094155
0.7581453323364258,0.022702565423864864,0.09463472366333008,0.009437424676379563,False,,0.5,9,14,140,"{'classifier__bootstrap': False, 'classifier__max_depth': None, 'classifier__max_features': 0.5, 'classifier__min_samples_leaf': 9, 'classifier__min_samples_split': 14, 'classifier__n_estimators': 140}",0.6471427847716508,0.6666941541083418,0.7384801208590095,0.6428823539068528,0.7139923142081268,0.6818383455707964,0.03792852796424031,3,0.8072827640451594,0.7710615113522584,0.7862662626021711,0.8067106414076309,0.7564662601223088,0.7855574879059056,0.019881542989242346,0.5559520846356604,0.6269206578086185,0.6372808476171025,0.5528286445968231,0.6560745449662354,0.605811355924888,0.04302425906196852,5,0.7799617568791734,0.7540756626393782,0.7594747304678633,0.7802296115486369,0.7472194433975583,0.764192240986522,0.013553972163013022
0.34531488418579104,0.010318091018303215,0.07856760025024415,0.006107466288217049,True,,sqrt,9,8,108,"{'classifier__bootstrap': True, 'classifier__max_depth': None, 'classifier__max_features': 'sqrt', 'classifier__min_samples_leaf': 9, 'classifier__min_samples_split': 8, 'classifier__n_estimators': 108}",0.48096772955757644,0.5362015422729335,0.4631009957325747,0.4573067632850241,0.48799116240976703,0.48511363865157514,0.027904198134152437,28,0.5262668078688103,0.5431585304061799,0.5343094355454602,0.5366523949306237,0.5252538437469365,0.5331282024996021,0.006685910315852432,0.45742244283384054,0.540331351981974,0.38480442538135967,0.39819574736137126,0.4703664017694579,0.4502240738656007,0.055791627732775885,28,0.5206200170216442,0.5508511599386947,0.5482450690951904,0.5463554384545575,0.5177854211465828,0.5367714211313339,0.01444349736503824
1.3602194309234619,0.02002108313692933,0.1267092227935791,0.008134391728608047,False,5,0.8,3,18,262,"{'classifier__bootstrap': False, 'classifier__max_depth': 5, 'classifier__max_features': 0.8, 'classifier__min_samples_leaf': 3, 'classifier__min_samples_split': 18, 'classifier__n_estimators': 262}",0.629721555757793,0.6125132367033015,0.6122031699783885,0.6159502463249652,0.6918478260869566,0.632447206970281,0.030381562306252576,21,0.6930316054752904,0.6966858821673246,0.6463763711005029,0.7126595670513994,0.6670350288060871,0.6831576909201209,0.023510306521376242,0.527671298659924,0.5521389848150092,0.5202796993122698,0.5216809773967424,0.6239432116164605,0.5491428343600812,0.03912118186668556,22,0.628714518581219,0.6270435594816233,0.5911754398353227,0.6474446399570065,0.601263018412467,0.6191282352535277,0.02028246881164118
1.4488965034484864,0.026374724137592356,0.1417722225189209,0.013222824093636214,True,5,0.8,5,11,330,"{'classifier__bootstrap': True, 'classifier__max_depth': 5, 'classifier__max_features': 0.8, 'classifier__min_samples_leaf': 5, 'classifier__min_samples_split': 11, 'classifier__n_estimators': 330}",0.6177680948922779,0.6365849383202963,0.6491805802368736,0.6213836154413405,0.6387149798594679,0.6327264417500512,0.01160948842284704,19,0.6816710085862412,0.7097465182571566,0.666662250326207,0.7111964671817935,0.6531613714567434,0.6844875231616283,0.02305812399375234,0.5485490586447358,0.5746771102139039,0.5960344595636204,0.5521300604266065,0.6127452789116489,0.5768271935521031,0.024792144241076744,18,0.6254508200531611,0.6556953514905818,0.6297110795234899,0.6528091173857182,0.6142140293737197,0.6355760795653342,0.016093594933324146
1.8553210735321044,0.014984093838289565,0.15662989616394044,0.0050463148374010345,False,5,0.8,9,9,367,"{'classifier__bootstrap': False, 'classifier__max_depth': 5, 'classifier__max_features': 0.8, 'classifier__min_samples_leaf': 9, 'classifier__min_samples_split': 9, 'classifier__n_estimators': 367}",0.5929377445067955,0.6329120512695392,0.6405957579538365,0.6112321471798595,0.6858078887393942,0.632697117929885,0.031383885772302986,20,0.669774432651214,0.6669289588334667,0.6479047400795417,0.6883860338868827,0.6387541179994011,0.6623496566901012,0.017432127269592642,0.501561107036015,0.5638829541658442,0.5533536802425384,0.5208323003947387,0.6131483900776703,0.5505556863833614,0.03843758543924845,21,0.6007937643672859,0.6098864869441267,0.599171197559454,0.6343226345490535,0.5785393227934547,0.604542681242675,0.018080286190441094
1.0559119701385498,0.011032279676720661,0.11241750717163086,0.005665669631991796,False,5,0.8,7,6,198,"{'classifier__bootstrap': False, 'classifier__max_depth': 5, 'classifier__max_features': 0.8, 'classifier__min_samples_leaf': 7, 'classifier__min_samples_split': 6, 'classifier__n_estimators': 198}",0.5929377445067955,0.612117359725146,0.6363821138211382,0.6076287003021598,0.6820652173913043,0.6262262271493088,0.031222383274825943,22,0.669774432651214,0.6659072652995605,0.6438932576476685,0.7049041323224959,0.6413397477452887,0.6651637671332455,0.022895965255872702,0.501561107036015,0.5519724544797965,0.5413735096974447,0.5113201103972241,0.6016845414752222,0.5415823446171405,0.03532074274319645,23,0.6007937643672859,0.6099750843536834,0.5854999814401612,0.6474243161955335,0.5842025680892885,0.6055791428891906,0.023036377113891088
1.6780278205871582,0.0617253060554757,0.11224870681762696,0.011187617702379039,False,12,0.8,1,4,200,"{'classifier__bootstrap': False, 'classifier__max_depth': 12, 'classifier__max_features': 0.8, 'classifier__min_samples_leaf': 1, 'classifier__min_samples_split': 4, 'classifier__n_estimators': 200}",0.6168454733672125,0.6464880445813684,0.7047323400933446,0.611027674786064,0.7139767285900112,0.6586140522836001,0.04323896383850558,11,0.922782034414261,0.8997653082104543,0.9260722755505365,0.9259618550184587,0.9084928725106503,0.9166148691408722,0.010627484568907697,0.5106737425892859,0.5736730136640008,0.6258500432574718,0.5172402274206812,0.6419718880336039,0.5738817829930087,0.05392685463351025,19,0.8968837908484472,0.872219819441204,0.9053801640082019,0.9075830166020707,0.8815489429609664,0.892723146772178,0.013737365382483773
1.1207114219665528,0.04044289081070579,0.19272265434265137,0.013141780855197635,True,12,sqrt,5,15,382,"{'classifier__bootstrap': True, 'classifier__max_depth': 12, 'classifier__max_features': 'sqrt', 'classifier__min_samples_leaf': 5, 'classifier__min_samples_split': 15, 'classifier__n_estimators': 382}",0.5623474821787059,0.5404710480304433,0.46799533171738933,0.5135621984360269,0.5539314405194233,0.5276615001763977,0.034106168349612206,26,0.6421651584449116,0.6852188808412771,0.6154040725226603,0.6632904703796109,0.6200939420119117,0.6452345048400743,0.02629103153025611,0.5327538549328535,0.552036506761059,0.3779643023808867,0.4667129748551883,0.5566374710183524,0.497221021989668,0.06775033596178885,26,0.6256165065791135,0.6608076210090906,0.6080348939906891,0.6354204630578937,0.6066746624448711,0.6273108294163317,0.01994033604778687
1.4185040950775147,0.0301251675743342,0.14358758926391602,0.005557549448789154,True,8,0.5,3,8,340,"{'classifier__bootstrap': True, 'classifier__max_depth': 8, 'classifier__max_features': 0.5, 'classifier__min_samples_leaf': 3, 'classifier__min_samples_split': 8, 'classifier__n_estimators': 340}",0.6232154969791618,0.6301343230823612,0.6604459390642662,0.6522715073439711,0.6987415422158133,0.6529617617371147,0.02667661854379638,13,0.7362431563306627,0.7383954803281124,0.726555557483009,0.7375191064742311,0.7198866161825336,0.7317199833597098,0.007284930415364243,0.565716534520536,0.5857110364472274,0.6093996535239493,0.6072362380820737,0.6666093598444863,0.6069345644836546,0.03381305371789794,4,0.6976418581720948,0.7015988333858598,0.707018855201564,0.6939744611406072,0.6802714307071319,0.6961010877214516,0.009021057693277984
1.8104431629180908,0.051217749006103014,0.1599806308746338,0.013306248661002022,False,,0.5,5,8,336,"{'classifier__bootstrap': False, 'classifier__max_depth': None, 'classifier__max_features': 0.5, 'classifier__min_samples_leaf': 5, 'classifier__min_samples_split': 8, 'classifier__n_estimators': 336}",0.6402699325379738,0.6682818156502366,0.7665039742144385,0.6428823539068528,0.7697875232011374,0.6975451199021279,0.05847921762827397,1,0.8708236842011451,0.8545508021935219,0.8571229737544405,0.8747476661403999,0.876435426770113,0.8667361106119241,0.009119913982729736,0.5467237301943397,0.6118932796051678,0.6928132787191082,0.5528286445968231,0.697594415796513,0.6203706697823904,0.06522131792455993,1,0.8563746982181378,0.8423668486308473,0.8401110827088913,0.8558916102297659,0.8699183277872972,0.8529325135149879,0.010817995542159162
0.7187943935394288,0.015557181480674647,0.1269282341003418,0.012288207919943537,True,12,sqrt,4,14,259,"{'classifier__bootstrap': True, 'classifier__max_depth': 12, 'classifier__max_features': 'sqrt', 'classifier__min_samples_leaf': 4, 'classifier__min_samples_split': 14, 'classifier__n_estimators': 259}",0.5452788219638469,0.5404710480304433,0.4770541505852293,0.5472457740094918,0.5844330920959274,0.5388965773369878,0.03467270111328367,25,0.6789844447277827,0.707099137421718,0.6448272976427943,0.6893103301822648,0.6396049353795833,0.6719652290708287,0.02595445767874881,0.521604473889935,0.552036506761059,0.39225814873162135,0.49138742675586883,0.5796425724239062,0.507385825712478,0.06469500984712684,24,0.644324678905687,0.689167256515698,0.63237002492388,0.6587285074501045,0.6227642266612654,0.649470938891327,0.023210661072259695
1.4616648197174071,0.029992985909760725,0.13840994834899903,0.009811435342703173,True,12,0.8,6,3,269,"{'classifier__bootstrap': True, 'classifier__max_depth': 12, 'classifier__max_features': 0.8, 'classifier__min_samples_leaf': 6, 'classifier__min_samples_split': 3, 'classifier__n_estimators': 269}",0.657703325280847,0.6297223334668268,0.6745910135231211,0.6517026781343961,0.657222088256571,0.6541882877323524,0.014440165009290004,12,0.7790282047528425,0.746532885385938,0.7402303621276168,0.7834269124484798,0.7202221337931644,0.7538880997016083,0.02399415168035662,0.5785750412590024,0.5883272171285938,0.6210315176787438,0.5777930481934842,0.645212313316655,0.6021878275152958,0.026649489641209334,10,0.7585752055222221,0.7262095089889351,0.724107980592232,0.7505394952932823,0.7179485006186247,0.7354761382030592,0.016017460108211562
0.4295493602752686,0.02880175719946181,0.09822030067443847,0.006431140832723914,True,5,sqrt,6,13,143,"{'classifier__bootstrap': True, 'classifier__max_depth': 5, 'classifier__max_features': 'sqrt', 'classifier__min_samples_leaf': 6, 'classifier__min_samples_split': 13, 'classifier__n_estimators': 143}",0.4736198462613557,0.5085489146595301,0.44930903754433166,0.44032921810699593,0.4659328520140451,0.4675479737172517,0.02363925913454521,30,0.4919617982156601,0.47756988090153163,0.4979457326525523,0.48692767570720324,0.4812771623636815,0.4871364499681257,0.007294088832628241,0.4439855021872582,0.49222993222598227,0.38353108446600864,0.3918058328953641,0.43003241028166067,0.4283169524112548,0.03917180376877909,30,0.4717568117071742,0.4463330536232373,0.48990398702813204,0.4629296719308052,0.44883819087650695,0.4639523430331711,0.015964462836150196
1.4779606819152833,0.019271486212291227,0.14099669456481934,0.008743477959103449,False,12,0.5,7,8,289,"{'classifier__bootstrap': False, 'classifier__max_depth': 12, 'classifier__max_features': 0.5, 'classifier__min_samples_leaf': 7, 'classifier__min_samples_split': 8, 'classifier__n_estimators': 289}",0.6476911976911977,0.6297223334668268,0.7482216360947929,0.6449214314986128,0.7139923142081268,0.6769097825919114,0.04596548762992696,6,0.7941678169441001,0.7532781569185957,0.7671682947173948,0.806506828468384,0.7274667050263123,0.7697175604149573,0.028330735296610003,0.55594788562433,0.5883272171285938,0.659893407135167,0.5554851737971171,0.6560745449662354,0.6031456457302886,0.04634762511484226,8,0.7778381264297491,0.7435832963662221,0.7581996065266822,0.7891673102426567,0.7250891215693572,0.7587754922269335,0.023034550798922828
0.8392687320709229,0.016965657061494815,0.15094318389892578,0.006629166097917498,True,5,sqrt,9,14,332,"{'classifier__bootstrap': True, 'classifier__max_depth': 5, 'classifier__max_features': 'sqrt', 'classifier__min_samples_leaf': 9, 'classifier__min_samples_split': 14, 'classifier__n_estimators': 332}",0.4600845410628019,0.5085489146595301,0.44930903754433166,0.45749099385463027,0.4659328520140451,0.46827326782706785,0.020835354483205865,29,0.4752755587015876,0.4698736129770613,0.49266281468954726,0.48011475467775216,0.47942201260651224,0.4794697507304921,0.0075385987054137306,0.4166626514374968,0.49222993222598227,0.38353108446600864,0.42040081443853855,0.43003241028166067,0.42857137856993743,0.03547322951283357,29,0.4465207813516068,0.43615545809438633,0.4761417290807332,0.44912161976163856,0.44548866325949654,0.45068565030957225,0.01346060497603544
0.9275657653808593,0.023817721281719183,0.15183238983154296,0.006036306959448901,True,12,sqrt,5,2,333,"{'classifier__bootstrap': True, 'classifier__max_depth': 12, 'classifier__max_features': 'sqrt', 'classifier__min_samples_leaf': 5, 'classifier__min_samples_split': 2, 'classifier__n_estimators': 333}",0.5688553806720332,0.559899013835469,0.500997150997151,0.5236856590639136,0.5600363528678941,0.5426947114872922,0.026004352643809774,24,0.6724812331607565,0.7012072722109065,0.662818670622045,0.6809366759471592,0.6453377097217324,0.6725563123325199,0.01858379739081369,0.533617128645067,0.5413754667974436,0.40595013054050955,0.4786408619062026,0.5682602762791417,0.505568772833673,0.057702756398359235,25,0.6393706202883338,0.6710298930002575,0.6485371214240598,0.6536843399851988,0.6420292068094229,0.6509302363014545,0.011226409343292016
1.4656687736511231,0.052134138174950544,0.13451266288757324,0.0069503335785780305,False,12,0.5,8,10,279,"{'classifier__bootstrap': False, 'classifier__max_depth': 12, 'classifier__max_features': 0.5, 'classifier__min_samples_leaf': 8, 'classifier__min_samples_split': 10, 'classifier__n_estimators': 279}",0.6476911976911977,0.62619779910873,0.7487768609050073,0.6463967415691554,0.7177695092518102,0.67736642170518,0.04730714165205617,4,0.7949018744227483,0.740633175991548,0.7544858852903581,0.7961824138294725,0.7197523571817381,0.761191141343173,0.03015150379627273,0.55594788562433,0.5788440250293712,0.6623106442135479,0.5615119409134965,0.6660488546699689,0.604932670090143,0.048975312484153155,6,0.7705677394089838,0.7239040750660809,0.7367007289931168,0.772690696920723,0.7152077601968997,0.7438142001171608,0.0237273971947157
