asset_id,category,title,source_notebook,source_evidence,png_path,svg_path,data_path,dashboard_priority,report_priority,status,notes
eda_target_class_distribution,eda,Water Point Functionality Distribution,notebooks/02_eda.ipynb,Target Variable Analysis; cells 8–9,figures/eda/eda_target_class_distribution.png,figures/eda/eda_target_class_distribution.svg,data/eda/target_class_distribution.csv,CORE,CORE,PASS,"Counts and percentages use the full raw dataset as in Notebook 02, before the locked split."
eda_top20_missing_values,eda,Top 20 Columns by Missing Percentage,notebooks/02_eda.ipynb,Missing Value Analysis; cells 12–13,figures/eda/eda_top20_missing_values.png,figures/eda/eda_top20_missing_values.svg,data/eda/missing_values_top20.csv,CORE,CORE,PASS,
eda_key_numeric_distributions,eda,Distributions of Key Numerical Variables,notebooks/02_eda.ipynb,Numerical Variable Analysis; cell 22,figures/eda/eda_key_numeric_distributions.png,figures/eda/eda_key_numeric_distributions.svg,data/eda/key_numeric_distribution_data.csv,SECONDARY,SECONDARY,PASS,
eda_key_numeric_boxplots,eda,Boxplots of Key Numerical Variables,notebooks/02_eda.ipynb,Numerical Variable Analysis; cell 23,figures/eda/eda_key_numeric_boxplots.png,figures/eda/eda_key_numeric_boxplots.svg,,SECONDARY,SECONDARY,PASS,
eda_key_categorical_frequencies,eda,Category Frequencies for Key Categorical Variables,notebooks/02_eda.ipynb,Categorical Variable Analysis; cells 26–27,figures/eda/eda_key_categorical_frequencies.png,figures/eda/eda_key_categorical_frequencies.svg,data/eda/key_categorical_frequencies.csv,SECONDARY,SECONDARY,PASS,
eda_functionality_by_country,eda,Functionality Distribution by Country (%),notebooks/02_eda.ipynb,Feature vs Target Analysis; cell 36,figures/eda/eda_functionality_by_country.png,figures/eda/eda_functionality_by_country.svg,data/eda/functionality_by_country.csv,CORE,CORE,PASS,"Row-normalized percentages, sorted by Functional share; descriptive EDA across the raw dataset."
eda_categorical_features_vs_target,eda,Categorical Features vs Functionality,notebooks/02_eda.ipynb,Feature vs Target Analysis; cell 38,figures/eda/eda_categorical_features_vs_target.png,figures/eda/eda_categorical_features_vs_target.svg,data/eda/categorical_features_vs_target.csv,SECONDARY,SECONDARY,PASS,Exact Notebook-02 category filter n >= 10 retained.
eda_numeric_features_vs_target,eda,Numerical Features by Functionality,notebooks/02_eda.ipynb,Feature vs Target Analysis; cell 42,figures/eda/eda_numeric_features_vs_target.png,figures/eda/eda_numeric_features_vs_target.svg,data/eda/numeric_features_vs_target.csv,CORE,CORE,PASS,
eda_numeric_correlation_heatmap,eda,Correlation Heatmap — Numerical Variables,notebooks/02_eda.ipynb,Correlation Analysis; cell 45,figures/eda/eda_numeric_correlation_heatmap.png,figures/eda/eda_numeric_correlation_heatmap.svg,data/eda/numeric_correlation_matrix.csv,SECONDARY,SECONDARY,PASS,
eda_leakage_diagnostic,eda,Potential Leakage Diagnostic,notebooks/02_eda.ipynb,Potential Data Leakage Investigation; cells 49–52,figures/eda/eda_leakage_diagnostic.png,figures/eda/eda_leakage_diagnostic.svg,data/eda/leakage_crosstabs.csv,REPORT_ONLY,REPORT_ONLY,PASS,Potential leakage variables are excluded from final model input.
model_baseline_macro_f1,modelling,Primary Baseline Macro-F1,notebooks/04_model_development.ipynb,reports/model_development/baseline_cv_summary.csv,figures/modelling/model_baseline_macro_f1.png,figures/modelling/model_baseline_macro_f1.svg,data/modelling/baseline_cv_summary.csv,CORE,CORE,PASS,Mean repeated-CV Macro-F1 with fold SD.
model_base_vs_engineered_ablation,modelling,Base vs Engineered Feature Ablation,notebooks/04_model_development.ipynb,reports/model_development/feature_ablation_summary.csv,figures/modelling/model_base_vs_engineered_ablation.png,figures/modelling/model_base_vs_engineered_ablation.svg,data/modelling/base_vs_engineered_ablation.csv,REPORT_ONLY,REPORT_ONLY,PASS,
model_train_vs_validation_and_mcc,modelling,Training vs Validation and MCC,notebooks/04_model_development.ipynb,reports/model_development/baseline_cv_summary.csv,figures/modelling/model_train_vs_validation_and_mcc.png,figures/modelling/model_train_vs_validation_and_mcc.svg,data/modelling/baseline_train_validation_mcc.csv,CORE,CORE,PASS,
model_partial_class_baselines,modelling,Partial Class OOF Metrics,notebooks/04_model_development.ipynb,reports/model_development/oof_class_metrics.csv,figures/modelling/model_partial_class_baselines.png,figures/modelling/model_partial_class_baselines.svg,data/modelling/partial_class_baselines.csv,CORE,CORE,PASS,
model_family_winner_confusion_matrices,modelling,Family-Winner OOF Confusion Matrices,notebooks/04_model_development.ipynb,reports/model_development/oof_predictions.csv,figures/modelling/model_family_winner_confusion_matrices.png,figures/modelling/model_family_winner_confusion_matrices.svg,data/modelling/family_winner_confusion_matrices.csv,REPORT_ONLY,REPORT_ONLY,PASS,Count and row-normalized matrices; OOF development predictions only.
model_shortlist_precision_recall_curves,modelling,Shortlist Precision-Recall Curves,notebooks/04_model_development.ipynb,reports/model_development/oof_predictions.csv,figures/modelling/model_shortlist_precision_recall_curves.png,figures/modelling/model_shortlist_precision_recall_curves.svg,data/modelling/shortlist_precision_recall_curves.csv,REPORT_ONLY,REPORT_ONLY,PASS,Curves use saved OOF scores; no estimator was fitted.
optimization_overview,optimization,Notebook 05 Optimization Overview,notebooks/05_model_optimization.ipynb,reports/model_optimization/*.csv,figures/optimization/optimization_overview.png,figures/optimization/optimization_overview.svg,data/optimization/baseline_vs_optimized.csv,SECONDARY,SECONDARY,PASS,
baseline_vs_optimized_macro_f1,optimization,Baseline vs Optimized Macro-F1,notebooks/05_model_optimization.ipynb,reports/model_optimization/baseline_vs_optimized.csv,figures/optimization/baseline_vs_optimized_macro_f1.png,figures/optimization/baseline_vs_optimized_macro_f1.svg,data/optimization/baseline_vs_optimized.csv,CORE,CORE,PASS,
baseline_vs_optimized_mcc,optimization,Baseline vs Optimized MCC,notebooks/05_model_optimization.ipynb,reports/model_optimization/baseline_vs_optimized.csv,figures/optimization/baseline_vs_optimized_mcc.png,figures/optimization/baseline_vs_optimized_mcc.svg,data/optimization/baseline_vs_optimized.csv,CORE,CORE,PASS,
finalist_repeated_cv_macro_f1,optimization,Finalist Repeated-CV Macro-F1,notebooks/05_model_optimization.ipynb,reports/model_optimization/finalist_cv_summary.csv,figures/optimization/finalist_repeated_cv_macro_f1.png,figures/optimization/finalist_repeated_cv_macro_f1.svg,data/optimization/finalist_cv_summary.csv,CORE,CORE,PASS,
finalist_partial_class_metrics,optimization,Finalist Partial-Class Metrics,notebooks/05_model_optimization.ipynb,reports/model_optimization/finalist_oof_class_metrics.csv,figures/optimization/finalist_partial_class_metrics.png,figures/optimization/finalist_partial_class_metrics.svg,data/optimization/finalist_partial_class_metrics.csv,CORE,CORE,PASS,
optimization_finalist_confusion_matrices,optimization,Finalist OOF Confusion Matrices,notebooks/05_model_optimization.ipynb,reports/model_optimization/finalist_confusion_matrices.csv,figures/optimization/optimization_finalist_confusion_matrices.png,figures/optimization/optimization_finalist_confusion_matrices.svg,data/optimization/finalist_confusion_matrices.csv,REPORT_ONLY,REPORT_ONLY,PASS,"Three candidates, count and row-normalized matrices."
final_model_cv_vs_holdout,final_model,Locked Model CV vs Previously Recorded Holdout,notebooks/05_model_optimization.ipynb,reports/model_optimization/cv_vs_holdout.csv,figures/final_model/final_model_cv_vs_holdout.png,figures/final_model/final_model_cv_vs_holdout.svg,data/final_model/cv_vs_holdout.csv,REPORT_ONLY,REPORT_ONLY,PASS,Historical evaluation comparison; no holdout data or prediction was reopened.
final_holdout_confusion_matrix,final_model,Previously Recorded Final Holdout Confusion Matrix,notebooks/05_model_optimization.ipynb,notebooks/05_model_optimization.ipynb cell 39 output,figures/final_model/final_holdout_confusion_matrix.png,figures/final_model/final_holdout_confusion_matrix.svg,data/final_model/final_holdout_confusion_matrix.csv,CORE,CORE,PASS,Recovered from executed notebook output; no holdout data were reopened.
country_robustness_locked_rf,robustness,Locked RF Leave-One-Country-Out Robustness,notebooks/05_model_optimization.ipynb,reports/model_optimization/finalist_country_robustness.csv,figures/robustness/country_robustness_locked_rf.png,figures/robustness/country_robustness_locked_rf.svg,data/robustness/country_robustness_locked_rf.csv,CORE,CORE,PASS,Cross-country transfer diagnostic; not normal stratified CV or a test-set result.
robustness_raw_permutation_importance,robustness,Raw Feature Permutation Importance,notebooks/06_posthoc_robustness.ipynb,reports/posthoc_robustness/raw_feature_permutation_importance.csv,figures/robustness/robustness_raw_permutation_importance.png,figures/robustness/robustness_raw_permutation_importance.svg,data/robustness/raw_feature_permutation_importance.csv,CORE,CORE,PASS,PNG copied from reports/posthoc_robustness/raw_permutation_importance.png; SVG regenerated from saved CSV.
robustness_selected_rf_feature_importance,robustness,Selected RF Feature Importance,notebooks/06_posthoc_robustness.ipynb,reports/posthoc_robustness/selected_processed_feature_importance.csv,figures/robustness/robustness_selected_rf_feature_importance.png,figures/robustness/robustness_selected_rf_feature_importance.svg,data/robustness/selected_processed_feature_importance.csv,CORE,CORE,PASS,PNG copied from reports/posthoc_robustness/selected_feature_importance.png; SVG regenerated from saved CSV.
robustness_candidate_comparison,robustness,Post-Hoc Candidate Comparison,notebooks/06_posthoc_robustness.ipynb,reports/posthoc_robustness/posthoc_comparison.csv,figures/robustness/robustness_candidate_comparison.png,figures/robustness/robustness_candidate_comparison.svg,data/robustness/posthoc_comparison.csv,REPORT_ONLY,REPORT_ONLY,PASS,PNG copied from reports/posthoc_robustness/candidate_comparison.png; SVG regenerated from saved CSV.
robustness_learning_curves,robustness,Post-Hoc Learning Curves,notebooks/06_posthoc_robustness.ipynb,reports/posthoc_robustness/learning_curve_diagnostics.csv,figures/robustness/robustness_learning_curves.png,figures/robustness/robustness_learning_curves.svg,data/robustness/learning_curve_diagnostics.csv,CORE,CORE,PASS,PNG copied from reports/posthoc_robustness/learning_curves.png; SVG regenerated from saved CSV.
robustness_overview,robustness,Post-Hoc Robustness Overview,notebooks/06_posthoc_robustness.ipynb,reports/posthoc_robustness/posthoc_comparison.csv,figures/robustness/robustness_overview.png,figures/robustness/robustness_overview.svg,data/robustness/posthoc_comparison.csv,REPORT_ONLY,REPORT_ONLY,PASS,PNG copied from reports/posthoc_robustness/robustness_dashboard.png; SVG regenerated from saved CSV.
robustness_train_vs_cv_macro_f1,robustness,Post-Hoc Train vs CV Macro-F1,notebooks/06_posthoc_robustness.ipynb,reports/posthoc_robustness/posthoc_comparison.csv,figures/robustness/robustness_train_vs_cv_macro_f1.png,figures/robustness/robustness_train_vs_cv_macro_f1.svg,data/robustness/posthoc_comparison.csv,REPORT_ONLY,REPORT_ONLY,PASS,PNG copied from reports/posthoc_robustness/train_vs_cv_macro_f1.png; SVG regenerated from saved CSV.
