configuration,country,n,functional_n,partial_n,abandoned_n,present_classes,macro_f1_present,balanced_accuracy_present,mcc,accuracy,partial_recall
Locked RF,Ethiopia,307,184,26,97,3,0.5877333056374172,0.6109367996414165,0.708610999863208,0.8501628664495114,0.0
Locked RF,India,105,91,5,9,3,0.6577540106951871,0.6666666666666666,0.7882697328459344,0.9523809523809524,0.0
Locked RF,Malawi,215,175,26,14,3,0.4325463033183342,0.5876190476190476,0.2359761643382563,0.7395348837209302,0.0
Locked RF,Mali,126,114,2,10,3,0.5688463583200426,0.5608187134502923,0.6476686016794536,0.9444444444444444,0.0
Locked RF,Mozambique,93,88,3,2,3,0.494413407821229,0.5,0.4650640345704277,0.956989247311828,0.0
Locked RF,Nepal,267,165,45,57,3,0.2047056956419451,0.3475101896154527,-0.0094100518054449,0.2434456928838951,0.8444444444444444
Locked RF,Niger,113,84,5,24,3,0.4427035330261137,0.4325396825396825,0.361683952324873,0.7876106194690266,0.0
Locked RF,Rwanda,103,67,11,25,3,0.3616319078716382,0.4642786069651741,0.2899569629260622,0.5145631067961165,0.0
Locked RF,Uganda,105,98,3,4,3,0.661641541038526,0.6666666666666666,0.7494879903796589,0.9714285714285714,0.0
RF without coordinates,Ethiopia,307,184,26,97,3,0.5403884041654939,0.5476430599133423,0.5975037792863691,0.7947882736156352,0.0
RF without coordinates,India,105,91,5,9,3,0.6364205256570713,0.6296296296296297,0.7393470416350421,0.9428571428571428,0.0
RF without coordinates,Malawi,215,175,26,14,3,0.4015520282186949,0.5161904761904762,0.1640042135180678,0.7255813953488373,0.0
RF without coordinates,Mali,126,114,2,10,3,0.5308346624136098,0.5520467836257309,0.5442813855019973,0.9206349206349206,0.0
RF without coordinates,Mozambique,93,88,3,2,3,0.4554307116104869,0.4924242424242424,0.237741302167614,0.935483870967742,0.0
RF without coordinates,Nepal,267,165,45,57,3,0.3140458843224635,0.3603402445507708,0.1143041717483403,0.6254681647940075,0.0
RF without coordinates,Niger,113,84,5,24,3,0.4668775764547981,0.4563492063492063,0.4032549768409197,0.7964601769911505,0.0
RF without coordinates,Rwanda,103,67,11,25,3,0.2785719365621222,0.4045771144278607,0.2052289642381864,0.3980582524271844,0.0
RF without coordinates,Uganda,105,98,3,4,3,0.661641541038526,0.6666666666666666,0.7494879903796589,0.9714285714285714,0.0
SMOTENC RF,Ethiopia,307,184,26,97,3,0.3696204355487866,0.4064823753864542,0.0757382956908277,0.5374592833876222,0.3076923076923077
SMOTENC RF,India,105,91,5,9,3,0.6181641950179316,0.6262108262108262,0.4599319733650512,0.8666666666666667,0.4
SMOTENC RF,Malawi,215,175,26,14,3,0.5064073226544622,0.4961904761904761,0.3432289406187285,0.8372093023255814,0.0
SMOTENC RF,Mali,126,114,2,10,3,0.447037037037037,0.4707602339181286,0.3072223179944808,0.8650793650793651,0.0
SMOTENC RF,Mozambique,93,88,3,2,3,0.3121387283236994,0.3068181818181818,0.030534378850243,0.8709677419354839,0.0
SMOTENC RF,Nepal,267,165,45,57,3,0.3025158567352809,0.3524720893141946,0.0764860628799303,0.6179775280898876,0.0
SMOTENC RF,Niger,113,84,5,24,3,0.323671497584541,0.3353174603174603,0.0021843018271997,0.6814159292035398,0.0
SMOTENC RF,Rwanda,103,67,11,25,3,0.1561671763506626,0.3866666666666666,0.1490267523235553,0.145631067961165,1.0
SMOTENC RF,Uganda,105,98,3,4,3,0.3218390804597701,0.3333333333333333,0.0,0.9333333333333332,0.0
