configuration,actual,predicted,count,row_normalized
HistGB Base,Functional,Functional,1005,0.9427767354596623
HistGB Base,Functional,Partially functional,29,0.027204502814258912
HistGB Base,Functional,Abandoned or not functional,32,0.0300187617260788
HistGB Base,Partially functional,Functional,72,0.5714285714285714
HistGB Base,Partially functional,Partially functional,36,0.2857142857142857
HistGB Base,Partially functional,Abandoned or not functional,18,0.14285714285714285
HistGB Base,Abandoned or not functional,Functional,48,0.19834710743801653
HistGB Base,Abandoned or not functional,Partially functional,7,0.028925619834710745
HistGB Base,Abandoned or not functional,Abandoned or not functional,187,0.7727272727272727
XGBoost Base,Functional,Functional,1013,0.950281425891182
XGBoost Base,Functional,Partially functional,20,0.01876172607879925
XGBoost Base,Functional,Abandoned or not functional,33,0.03095684803001876
XGBoost Base,Partially functional,Functional,77,0.6111111111111112
XGBoost Base,Partially functional,Partially functional,34,0.2698412698412698
XGBoost Base,Partially functional,Abandoned or not functional,15,0.11904761904761904
XGBoost Base,Abandoned or not functional,Functional,55,0.22727272727272727
XGBoost Base,Abandoned or not functional,Partially functional,6,0.024793388429752067
XGBoost Base,Abandoned or not functional,Abandoned or not functional,181,0.7479338842975206
RF Base,Functional,Functional,1018,0.9549718574108818
RF Base,Functional,Partially functional,17,0.01594746716697936
RF Base,Functional,Abandoned or not functional,31,0.029080675422138838
RF Base,Partially functional,Functional,82,0.6507936507936508
RF Base,Partially functional,Partially functional,29,0.23015873015873015
RF Base,Partially functional,Abandoned or not functional,15,0.11904761904761904
RF Base,Abandoned or not functional,Functional,62,0.256198347107438
RF Base,Abandoned or not functional,Partially functional,9,0.0371900826446281
RF Base,Abandoned or not functional,Abandoned or not functional,171,0.7066115702479339
CatBoost Base,Functional,Functional,1009,0.9465290806754222
CatBoost Base,Functional,Partially functional,18,0.016885553470919325
CatBoost Base,Functional,Abandoned or not functional,39,0.036585365853658534
CatBoost Base,Partially functional,Functional,83,0.6587301587301587
CatBoost Base,Partially functional,Partially functional,24,0.19047619047619047
CatBoost Base,Partially functional,Abandoned or not functional,19,0.15079365079365079
CatBoost Base,Abandoned or not functional,Functional,70,0.2892561983471074
CatBoost Base,Abandoned or not functional,Partially functional,13,0.05371900826446281
CatBoost Base,Abandoned or not functional,Abandoned or not functional,159,0.6570247933884298
LR Engineered,Functional,Functional,1025,0.9615384615384616
LR Engineered,Functional,Partially functional,15,0.014071294559099437
LR Engineered,Functional,Abandoned or not functional,26,0.024390243902439025
LR Engineered,Partially functional,Functional,103,0.8174603174603174
LR Engineered,Partially functional,Partially functional,14,0.1111111111111111
LR Engineered,Partially functional,Abandoned or not functional,9,0.07142857142857142
LR Engineered,Abandoned or not functional,Functional,79,0.32644628099173556
LR Engineered,Abandoned or not functional,Partially functional,6,0.024793388429752067
LR Engineered,Abandoned or not functional,Abandoned or not functional,157,0.6487603305785123
