country,Functional,Partially functional,Abandoned or not functional
Ethiopia,60.62176165803109,7.512953367875648,31.865284974093267
Nepal,60.670731707317074,18.597560975609756,20.73170731707317
Rwanda,63.793103448275865,10.344827586206897,25.862068965517242
Niger,76.19047619047619,4.081632653061225,19.727891156462583
Malawi,82.31046931407943,11.552346570397113,6.137184115523466
India,86.15384615384616,5.384615384615385,8.461538461538462
Mali,89.57055214723927,1.2269938650306749,9.202453987730062
Uganda,90.9090909090909,3.787878787878788,5.303030303030303
Mozambique,94.73684210526315,2.631578947368421,2.631578947368421
