variable,class,count,mean,50%,max,value
brokendays_wp,Abandoned or not functional,200.0,429.77,270.0,3650.0,
brokendays_wp,Functional,366.0,27.153005464480874,7.0,510.0,
brokendays_wp,Partially functional,67.0,49.97014925373134,5.0,1460.0,
qtymonthsnowater_wp,Abandoned or not functional,274.0,2.5145985401459856,0.0,12.0,
qtymonthsnowater_wp,Functional,1227.0,0.12550937245313773,0.0,7.0,
qtymonthsnowater_wp,Partially functional,123.0,0.5284552845528455,0.0,12.0,
whynowatertoday_wp_recorded,Functional,1333.0,,,,False
whynowatertoday_wp_recorded,Partially functional,155.0,,,,False
whynowatertoday_wp_recorded,Abandoned or not functional,3.0,,,,False
whynowatertoday_wp_recorded,Functional,0.0,,,,True
whynowatertoday_wp_recorded,Partially functional,2.0,,,,True
whynowatertoday_wp_recorded,Abandoned or not functional,300.0,,,,True
lockedfullday_wp,Functional,1179.0,,,,No
lockedfullday_wp,Partially functional,149.0,,,,No
lockedfullday_wp,Abandoned or not functional,217.0,,,,No
lockedfullday_wp,Functional,148.0,,,,Yes
lockedfullday_wp,Partially functional,8.0,,,,Yes
lockedfullday_wp,Abandoned or not functional,20.0,,,,Yes
