column,missing_count,missing_percent
whynowatertoday_wp_other,1775,99.0
rehab_age,1513,84.38
whynowatertoday_wp,1491,83.16
grant_number_wp,1246,69.49
piped_source,1219,67.99
piped_pump,1219,67.99
brokendays_wp,1160,64.7
balance_any_dollars_wp,853,47.57
cwid,834,46.51
pumpstrokes,818,45.62
wc_maint_index_wp,673,37.53
wc_admin_index_wp,673,37.53
wc_finance_index_wp,673,37.53
wc_mgmt_index_wp,673,37.53
pumptype,616,34.36
wc_savings_wp,602,33.58
drillmethod,601,33.52
improved_wponly_wp,598,33.35
wpqty_wp,598,33.35
paytocollect_wp,598,33.35
wc_present_wp,598,33.35
qtyhh_c_wp,598,33.35
pop_1000,564,31.46
annual_rain,547,30.51
season,547,30.51
rehabyn,367,20.47
minutesfill20l,320,17.85
admin3,201,11.21
qtymonthsnowater_wp,169,9.43
elevation_wp,135,7.53
lockedfullday_wp,72,4.02
qtyhh_wp,55,3.07
qtypeople_wp,38,2.12
admin2,33,1.84
latitude_wp,26,1.45
longitude_wp,26,1.45
wp_age,17,0.95
cwfunded_wp,13,0.73
downtime2weeks,1,0.06
whomanage_wp,1,0.06
