variable,other_variable,pearson_correlation
latitude_wp,latitude_wp,1.0
longitude_wp,latitude_wp,0.4774290175170499
elevation_wp,latitude_wp,0.09712917203659582
qtyhh_wp,latitude_wp,-0.292421150694569
wp_age,latitude_wp,-0.09211829897614168
rehab_age,latitude_wp,-0.05911149877064917
qtypeople_wp,latitude_wp,-0.24952720292851802
minutesfill20l,latitude_wp,0.06484850901731985
brokendays_wp,latitude_wp,0.09891506092517273
qtymonthsnowater_wp,latitude_wp,0.08801358491852539
pumpstrokes,latitude_wp,0.08846733209754339
grant_number_wp,latitude_wp,-0.44405898580896086
balance_any_dollars_wp,latitude_wp,0.3963303413075443
improved_wponly_wp,latitude_wp,-0.21738313314808344
qtyhh_c_wp,latitude_wp,0.09061405416193036
wc_savings_wp,latitude_wp,0.04207482460433465
wpqty_wp,latitude_wp,0.35467952112314743
pop_1000,latitude_wp,-0.049459291087263456
annual_rain,latitude_wp,0.10073531621007982
latitude_wp,longitude_wp,0.4774290175170499
longitude_wp,longitude_wp,1.0
elevation_wp,longitude_wp,-0.009296955010306918
qtyhh_wp,longitude_wp,-0.29752691814765814
wp_age,longitude_wp,-0.018704546771609012
rehab_age,longitude_wp,0.13718008990320138
qtypeople_wp,longitude_wp,-0.2908206413974199
minutesfill20l,longitude_wp,0.037321452390496064
brokendays_wp,longitude_wp,-0.01715779522196933
qtymonthsnowater_wp,longitude_wp,0.05935640060505455
pumpstrokes,longitude_wp,-0.09775977677735358
grant_number_wp,longitude_wp,-0.7456150252035192
balance_any_dollars_wp,longitude_wp,0.30955891048749
improved_wponly_wp,longitude_wp,0.1353653302344531
qtyhh_c_wp,longitude_wp,-0.19454527620811718
wc_savings_wp,longitude_wp,0.03042914523409885
wpqty_wp,longitude_wp,-0.020248598008983286
pop_1000,longitude_wp,0.2115341993756101
annual_rain,longitude_wp,0.7408301928216251
latitude_wp,elevation_wp,0.09712917203659582
longitude_wp,elevation_wp,-0.009296955010306918
elevation_wp,elevation_wp,1.0
qtyhh_wp,elevation_wp,0.16052038371310698
wp_age,elevation_wp,-0.10457541085243642
rehab_age,elevation_wp,-0.3069250127275529
qtypeople_wp,elevation_wp,0.19212894402719635
minutesfill20l,elevation_wp,0.11038799661646337
brokendays_wp,elevation_wp,0.2678651462779485
qtymonthsnowater_wp,elevation_wp,0.194090536588809
pumpstrokes,elevation_wp,0.11812920586526683
grant_number_wp,elevation_wp,0.012175614750349912
balance_any_dollars_wp,elevation_wp,-0.013467366695241727
improved_wponly_wp,elevation_wp,-0.1491112922765847
qtyhh_c_wp,elevation_wp,0.3229988236038218
wc_savings_wp,elevation_wp,-0.198360532991419
wpqty_wp,elevation_wp,-0.006611597632584204
pop_1000,elevation_wp,0.030304868368527953
annual_rain,elevation_wp,-0.30488565528404465
latitude_wp,qtyhh_wp,-0.292421150694569
longitude_wp,qtyhh_wp,-0.29752691814765814
elevation_wp,qtyhh_wp,0.16052038371310698
qtyhh_wp,qtyhh_wp,1.0
wp_age,qtyhh_wp,0.12875992348275095
rehab_age,qtyhh_wp,-0.09675671197421505
qtypeople_wp,qtyhh_wp,0.8182731669597323
minutesfill20l,qtyhh_wp,0.04199277727193334
brokendays_wp,qtyhh_wp,0.18889228488707993
qtymonthsnowater_wp,qtyhh_wp,0.01832195116521359
pumpstrokes,qtyhh_wp,0.05405723024987481
grant_number_wp,qtyhh_wp,0.3329448448759103
balance_any_dollars_wp,qtyhh_wp,-0.13692465981839433
improved_wponly_wp,qtyhh_wp,-0.007833785093306107
qtyhh_c_wp,qtyhh_wp,0.28142374185667346
wc_savings_wp,qtyhh_wp,-0.035637391954962204
wpqty_wp,qtyhh_wp,-0.10002380460024612
pop_1000,qtyhh_wp,0.048893952390196393
annual_rain,qtyhh_wp,-0.26183643978474125
latitude_wp,wp_age,-0.09211829897614168
longitude_wp,wp_age,-0.018704546771609012
elevation_wp,wp_age,-0.10457541085243642
qtyhh_wp,wp_age,0.12875992348275095
wp_age,wp_age,1.0
rehab_age,wp_age,0.33657713601385403
qtypeople_wp,wp_age,0.11854887554454016
minutesfill20l,wp_age,0.0034184179358436317
brokendays_wp,wp_age,0.04608563192097138
qtymonthsnowater_wp,wp_age,0.08656457463134315
pumpstrokes,wp_age,0.0633985057760538
grant_number_wp,wp_age,0.11067781613046693
balance_any_dollars_wp,wp_age,-0.11948142596827278
improved_wponly_wp,wp_age,0.11508795898643846
qtyhh_c_wp,wp_age,-0.027743151449838105
wc_savings_wp,wp_age,0.12434949074264803
wpqty_wp,wp_age,-0.10952157496322965
pop_1000,wp_age,0.16629345170573168
annual_rain,wp_age,-0.010348744240439573
latitude_wp,rehab_age,-0.05911149877064917
longitude_wp,rehab_age,0.13718008990320138
elevation_wp,rehab_age,-0.3069250127275529
qtyhh_wp,rehab_age,-0.09675671197421505
wp_age,rehab_age,0.33657713601385403
rehab_age,rehab_age,1.0
qtypeople_wp,rehab_age,-0.14235601301604814
minutesfill20l,rehab_age,0.11411587507272918
brokendays_wp,rehab_age,0.25861050791199075
qtymonthsnowater_wp,rehab_age,0.03121737350955602
pumpstrokes,rehab_age,0.06436151506085212
grant_number_wp,rehab_age,-0.029709588017876085
balance_any_dollars_wp,rehab_age,-0.09657945174332733
improved_wponly_wp,rehab_age,0.11486868250572074
qtyhh_c_wp,rehab_age,-0.20085416733985276
wc_savings_wp,rehab_age,0.09120223706335516
wpqty_wp,rehab_age,-0.11606656332256562
pop_1000,rehab_age,0.1296064934375318
annual_rain,rehab_age,0.1550257348677753
latitude_wp,qtypeople_wp,-0.24952720292851802
longitude_wp,qtypeople_wp,-0.2908206413974199
elevation_wp,qtypeople_wp,0.19212894402719635
qtyhh_wp,qtypeople_wp,0.8182731669597323
wp_age,qtypeople_wp,0.11854887554454016
rehab_age,qtypeople_wp,-0.14235601301604814
qtypeople_wp,qtypeople_wp,1.0
minutesfill20l,qtypeople_wp,0.06228213747848809
brokendays_wp,qtypeople_wp,0.2154752181011757
qtymonthsnowater_wp,qtypeople_wp,0.03223299682518164
pumpstrokes,qtypeople_wp,0.07670549985979902
grant_number_wp,qtypeople_wp,0.3825108369511392
balance_any_dollars_wp,qtypeople_wp,-0.1348262186842686
improved_wponly_wp,qtypeople_wp,-0.029537377327711983
qtyhh_c_wp,qtypeople_wp,0.2794074260062304
wc_savings_wp,qtypeople_wp,-0.038544194177893266
wpqty_wp,qtypeople_wp,-0.10499192313801585
pop_1000,qtypeople_wp,0.039691780253253456
annual_rain,qtypeople_wp,-0.2728462807445831
latitude_wp,minutesfill20l,0.06484850901731985
longitude_wp,minutesfill20l,0.037321452390496064
elevation_wp,minutesfill20l,0.11038799661646337
qtyhh_wp,minutesfill20l,0.04199277727193334
wp_age,minutesfill20l,0.0034184179358436317
rehab_age,minutesfill20l,0.11411587507272918
qtypeople_wp,minutesfill20l,0.06228213747848809
minutesfill20l,minutesfill20l,1.0
brokendays_wp,minutesfill20l,-0.013262622371913325
qtymonthsnowater_wp,minutesfill20l,0.19390298438680784
pumpstrokes,minutesfill20l,0.21774454116788955
grant_number_wp,minutesfill20l,-0.13467959725058526
balance_any_dollars_wp,minutesfill20l,0.06585570716747914
improved_wponly_wp,minutesfill20l,-0.10690973214064554
qtyhh_c_wp,minutesfill20l,0.05537513770864726
wc_savings_wp,minutesfill20l,-0.03703102567448888
wpqty_wp,minutesfill20l,0.024719804271531975
pop_1000,minutesfill20l,-0.022540517379017404
annual_rain,minutesfill20l,-0.11486176786149346
latitude_wp,brokendays_wp,0.09891506092517273
longitude_wp,brokendays_wp,-0.01715779522196933
elevation_wp,brokendays_wp,0.2678651462779485
qtyhh_wp,brokendays_wp,0.18889228488707993
wp_age,brokendays_wp,0.04608563192097138
rehab_age,brokendays_wp,0.25861050791199075
qtypeople_wp,brokendays_wp,0.2154752181011757
minutesfill20l,brokendays_wp,-0.013262622371913325
brokendays_wp,brokendays_wp,1.0
qtymonthsnowater_wp,brokendays_wp,0.4548438133345998
pumpstrokes,brokendays_wp,0.17160354429146074
grant_number_wp,brokendays_wp,0.06518794395999641
balance_any_dollars_wp,brokendays_wp,0.0622393801573038
improved_wponly_wp,brokendays_wp,-0.17459121576171133
qtyhh_c_wp,brokendays_wp,0.18762404085693546
wc_savings_wp,brokendays_wp,0.011188050512898697
wpqty_wp,brokendays_wp,0.08801576143473326
pop_1000,brokendays_wp,-0.05487434858608529
annual_rain,brokendays_wp,-0.20708125874828484
latitude_wp,qtymonthsnowater_wp,0.08801358491852539
longitude_wp,qtymonthsnowater_wp,0.05935640060505455
elevation_wp,qtymonthsnowater_wp,0.194090536588809
qtyhh_wp,qtymonthsnowater_wp,0.01832195116521359
wp_age,qtymonthsnowater_wp,0.08656457463134315
rehab_age,qtymonthsnowater_wp,0.03121737350955602
qtypeople_wp,qtymonthsnowater_wp,0.03223299682518164
minutesfill20l,qtymonthsnowater_wp,0.19390298438680784
brokendays_wp,qtymonthsnowater_wp,0.4548438133345998
qtymonthsnowater_wp,qtymonthsnowater_wp,1.0
pumpstrokes,qtymonthsnowater_wp,0.11556616411457334
grant_number_wp,qtymonthsnowater_wp,0.005985949424346324
balance_any_dollars_wp,qtymonthsnowater_wp,-0.005769474763028314
improved_wponly_wp,qtymonthsnowater_wp,-0.11510488054129536
qtyhh_c_wp,qtymonthsnowater_wp,0.12404551879719246
wc_savings_wp,qtymonthsnowater_wp,-0.04536166104668752
wpqty_wp,qtymonthsnowater_wp,0.015083320963213596
pop_1000,qtymonthsnowater_wp,-0.039040997854608926
annual_rain,qtymonthsnowater_wp,-0.10758316205040373
latitude_wp,pumpstrokes,0.08846733209754339
longitude_wp,pumpstrokes,-0.09775977677735358
elevation_wp,pumpstrokes,0.11812920586526683
qtyhh_wp,pumpstrokes,0.05405723024987481
wp_age,pumpstrokes,0.0633985057760538
rehab_age,pumpstrokes,0.06436151506085212
qtypeople_wp,pumpstrokes,0.07670549985979902
minutesfill20l,pumpstrokes,0.21774454116788955
brokendays_wp,pumpstrokes,0.17160354429146074
qtymonthsnowater_wp,pumpstrokes,0.11556616411457334
pumpstrokes,pumpstrokes,1.0
grant_number_wp,pumpstrokes,0.07383610777315734
balance_any_dollars_wp,pumpstrokes,0.12481331900805696
improved_wponly_wp,pumpstrokes,-0.11412567975463722
qtyhh_c_wp,pumpstrokes,0.05835779140443923
wc_savings_wp,pumpstrokes,-0.0439915225262302
wpqty_wp,pumpstrokes,0.0445898047647686
pop_1000,pumpstrokes,-0.08313795355768007
annual_rain,pumpstrokes,-0.18214536532444844
latitude_wp,grant_number_wp,-0.44405898580896086
longitude_wp,grant_number_wp,-0.7456150252035192
elevation_wp,grant_number_wp,0.012175614750349912
qtyhh_wp,grant_number_wp,0.3329448448759103
wp_age,grant_number_wp,0.11067781613046693
rehab_age,grant_number_wp,-0.029709588017876085
qtypeople_wp,grant_number_wp,0.3825108369511392
minutesfill20l,grant_number_wp,-0.13467959725058526
brokendays_wp,grant_number_wp,0.06518794395999641
qtymonthsnowater_wp,grant_number_wp,0.005985949424346324
pumpstrokes,grant_number_wp,0.07383610777315734
grant_number_wp,grant_number_wp,1.0
balance_any_dollars_wp,grant_number_wp,
improved_wponly_wp,grant_number_wp,
qtyhh_c_wp,grant_number_wp,
wc_savings_wp,grant_number_wp,
wpqty_wp,grant_number_wp,
pop_1000,grant_number_wp,
annual_rain,grant_number_wp,
latitude_wp,balance_any_dollars_wp,0.3963303413075443
longitude_wp,balance_any_dollars_wp,0.30955891048749
elevation_wp,balance_any_dollars_wp,-0.013467366695241727
qtyhh_wp,balance_any_dollars_wp,-0.13692465981839433
wp_age,balance_any_dollars_wp,-0.11948142596827278
rehab_age,balance_any_dollars_wp,-0.09657945174332733
qtypeople_wp,balance_any_dollars_wp,-0.1348262186842686
minutesfill20l,balance_any_dollars_wp,0.06585570716747914
brokendays_wp,balance_any_dollars_wp,0.0622393801573038
qtymonthsnowater_wp,balance_any_dollars_wp,-0.005769474763028314
pumpstrokes,balance_any_dollars_wp,0.12481331900805696
grant_number_wp,balance_any_dollars_wp,
balance_any_dollars_wp,balance_any_dollars_wp,1.0
improved_wponly_wp,balance_any_dollars_wp,-0.10908688313773619
qtyhh_c_wp,balance_any_dollars_wp,-0.015773374654947797
wc_savings_wp,balance_any_dollars_wp,-0.09427439826576413
wpqty_wp,balance_any_dollars_wp,0.2929629145255646
pop_1000,balance_any_dollars_wp,-0.18066041042857733
annual_rain,balance_any_dollars_wp,0.2968887556210687
latitude_wp,improved_wponly_wp,-0.21738313314808344
longitude_wp,improved_wponly_wp,0.1353653302344531
elevation_wp,improved_wponly_wp,-0.1491112922765847
qtyhh_wp,improved_wponly_wp,-0.007833785093306107
wp_age,improved_wponly_wp,0.11508795898643846
rehab_age,improved_wponly_wp,0.11486868250572074
qtypeople_wp,improved_wponly_wp,-0.029537377327711983
minutesfill20l,improved_wponly_wp,-0.10690973214064554
brokendays_wp,improved_wponly_wp,-0.17459121576171133
qtymonthsnowater_wp,improved_wponly_wp,-0.11510488054129536
pumpstrokes,improved_wponly_wp,-0.11412567975463722
grant_number_wp,improved_wponly_wp,
balance_any_dollars_wp,improved_wponly_wp,-0.10908688313773619
improved_wponly_wp,improved_wponly_wp,1.0
qtyhh_c_wp,improved_wponly_wp,-0.13986934418267874
wc_savings_wp,improved_wponly_wp,0.04954992223975391
wpqty_wp,improved_wponly_wp,-0.2444758843074724
pop_1000,improved_wponly_wp,0.2639357719368447
annual_rain,improved_wponly_wp,0.19731463287918583
latitude_wp,qtyhh_c_wp,0.09061405416193036
longitude_wp,qtyhh_c_wp,-0.19454527620811718
elevation_wp,qtyhh_c_wp,0.3229988236038218
qtyhh_wp,qtyhh_c_wp,0.28142374185667346
wp_age,qtyhh_c_wp,-0.027743151449838105
rehab_age,qtyhh_c_wp,-0.20085416733985276
qtypeople_wp,qtyhh_c_wp,0.2794074260062304
minutesfill20l,qtyhh_c_wp,0.05537513770864726
brokendays_wp,qtyhh_c_wp,0.18762404085693546
qtymonthsnowater_wp,qtyhh_c_wp,0.12404551879719246
pumpstrokes,qtyhh_c_wp,0.05835779140443923
grant_number_wp,qtyhh_c_wp,
balance_any_dollars_wp,qtyhh_c_wp,-0.015773374654947797
improved_wponly_wp,qtyhh_c_wp,-0.13986934418267874
qtyhh_c_wp,qtyhh_c_wp,1.0
wc_savings_wp,qtyhh_c_wp,-0.04835143826035043
wpqty_wp,qtyhh_c_wp,0.24280406567590979
pop_1000,qtyhh_c_wp,0.026205554270233355
annual_rain,qtyhh_c_wp,-0.3672407467177083
latitude_wp,wc_savings_wp,0.04207482460433465
longitude_wp,wc_savings_wp,0.03042914523409885
elevation_wp,wc_savings_wp,-0.198360532991419
qtyhh_wp,wc_savings_wp,-0.035637391954962204
wp_age,wc_savings_wp,0.12434949074264803
rehab_age,wc_savings_wp,0.09120223706335516
qtypeople_wp,wc_savings_wp,-0.038544194177893266
minutesfill20l,wc_savings_wp,-0.03703102567448888
brokendays_wp,wc_savings_wp,0.011188050512898697
qtymonthsnowater_wp,wc_savings_wp,-0.04536166104668752
pumpstrokes,wc_savings_wp,-0.0439915225262302
grant_number_wp,wc_savings_wp,
balance_any_dollars_wp,wc_savings_wp,-0.09427439826576413
improved_wponly_wp,wc_savings_wp,0.04954992223975391
qtyhh_c_wp,wc_savings_wp,-0.04835143826035043
wc_savings_wp,wc_savings_wp,1.0
wpqty_wp,wc_savings_wp,0.02902334829844625
pop_1000,wc_savings_wp,0.16649457248620328
annual_rain,wc_savings_wp,0.055298336286135584
latitude_wp,wpqty_wp,0.35467952112314743
longitude_wp,wpqty_wp,-0.020248598008983286
elevation_wp,wpqty_wp,-0.006611597632584204
qtyhh_wp,wpqty_wp,-0.10002380460024612
wp_age,wpqty_wp,-0.10952157496322965
rehab_age,wpqty_wp,-0.11606656332256562
qtypeople_wp,wpqty_wp,-0.10499192313801585
minutesfill20l,wpqty_wp,0.024719804271531975
brokendays_wp,wpqty_wp,0.08801576143473326
qtymonthsnowater_wp,wpqty_wp,0.015083320963213596
pumpstrokes,wpqty_wp,0.0445898047647686
grant_number_wp,wpqty_wp,
balance_any_dollars_wp,wpqty_wp,0.2929629145255646
improved_wponly_wp,wpqty_wp,-0.2444758843074724
qtyhh_c_wp,wpqty_wp,0.24280406567590979
wc_savings_wp,wpqty_wp,0.02902334829844625
wpqty_wp,wpqty_wp,1.0
pop_1000,wpqty_wp,-0.20239204975715455
annual_rain,wpqty_wp,-0.053772133666029356
latitude_wp,pop_1000,-0.049459291087263456
longitude_wp,pop_1000,0.2115341993756101
elevation_wp,pop_1000,0.030304868368527953
qtyhh_wp,pop_1000,0.048893952390196393
wp_age,pop_1000,0.16629345170573168
rehab_age,pop_1000,0.1296064934375318
qtypeople_wp,pop_1000,0.039691780253253456
minutesfill20l,pop_1000,-0.022540517379017404
brokendays_wp,pop_1000,-0.05487434858608529
qtymonthsnowater_wp,pop_1000,-0.039040997854608926
pumpstrokes,pop_1000,-0.08313795355768007
grant_number_wp,pop_1000,
balance_any_dollars_wp,pop_1000,-0.18066041042857733
improved_wponly_wp,pop_1000,0.2639357719368447
qtyhh_c_wp,pop_1000,0.026205554270233355
wc_savings_wp,pop_1000,0.16649457248620328
wpqty_wp,pop_1000,-0.20239204975715455
pop_1000,pop_1000,1.0
annual_rain,pop_1000,0.1698736823506468
latitude_wp,annual_rain,0.10073531621007982
longitude_wp,annual_rain,0.7408301928216251
elevation_wp,annual_rain,-0.30488565528404465
qtyhh_wp,annual_rain,-0.26183643978474125
wp_age,annual_rain,-0.010348744240439573
rehab_age,annual_rain,0.1550257348677753
qtypeople_wp,annual_rain,-0.2728462807445831
minutesfill20l,annual_rain,-0.11486176786149346
brokendays_wp,annual_rain,-0.20708125874828484
qtymonthsnowater_wp,annual_rain,-0.10758316205040373
pumpstrokes,annual_rain,-0.18214536532444844
grant_number_wp,annual_rain,
balance_any_dollars_wp,annual_rain,0.2968887556210687
improved_wponly_wp,annual_rain,0.19731463287918583
qtyhh_c_wp,annual_rain,-0.3672407467177083
wc_savings_wp,annual_rain,0.055298336286135584
wpqty_wp,annual_rain,-0.053772133666029356
pop_1000,annual_rain,0.1698736823506468
annual_rain,annual_rain,1.0
