variable,count,mean,std,min,25%,50%,75%,max,skew
wp_age,1776.0,4.61,6.49,0.5,1.0,3.0,4.0,74.0,4.14
rehab_age,280.0,2.49,1.75,0.5,1.0,2.0,3.0,12.0,1.91
qtypeople_wp,1755.0,347.03,422.97,0.0,98.5,250.0,455.0,5000.0,3.84
qtyhh_wp,1738.0,60.71,71.43,0.0,15.0,45.0,80.0,800.0,3.3
annual_rain,1246.0,996.46,395.78,601.0,601.0,1007.0,1286.0,1689.0,0.47
elevation_wp,1658.0,929.64,774.58,-217.0,303.5,684.72,1613.63,4493.7,0.6
pop_1000,1229.0,931.88,1041.59,31.78,259.36,568.34,1316.67,9412.56,2.96
minutesfill20l,1473.0,10.67,70.09,0.2,1.02,1.3,1.85,555.0,7.65
brokendays_wp,633.0,156.78,367.25,0.0,3.0,10.0,120.0,3650.0,4.32
qtymonthsnowater_wp,1624.0,0.56,2.06,0.0,0.0,0.0,0.0,12.0,4.43
pumpstrokes,975.0,3.71,7.46,1.0,1.0,2.0,3.0,95.0,6.81
