variable,n,min,max,iqr_lower,iqr_upper,n_outliers,pct_outliers
wp_age,1776,0.5,74.0,-3.5,8.5,202,11.37
rehab_age,280,0.5,12.0,-2.0,6.0,9,3.21
qtypeople_wp,1755,0.0,5000.0,-436.25,989.75,99,5.64
qtyhh_wp,1738,0.0,800.0,-82.5,177.5,98,5.64
annual_rain,1246,601.0,1689.0,-426.5,2313.5,0,0.0
elevation_wp,1658,-217.0,4493.7,-1661.7,3578.83,1,0.06
pop_1000,1229,31.78126798,9412.559168,-1326.62,2902.65,52,4.23
minutesfill20l,1473,0.2,555.0,-0.23,3.1,141,9.57
brokendays_wp,633,0.0,3650.0,-172.5,295.5,108,17.06
qtymonthsnowater_wp,1624,0.0,12.0,0.0,0.0,172,10.59
pumpstrokes,975,1.0,95.0,-2.0,6.0,95,9.74
