configuration,model_family,preprocessing_variant,repeat,fold,train_macro_f1,train_cv_gap,fit_seconds,macro_f1,balanced_accuracy,macro_recall,macro_precision,mcc,weighted_f1,accuracy,log_loss,macro_ap
LR Base,Logistic Regression,scaled_base,1,1,0.6580549933584451,0.03638006740720334,0.3907011999999668,0.6216749259512417,0.5950285565939772,0.5950285565939772,0.6728632478632478,0.5323664110213533,0.8098394247417721,0.8257839721254355,0.4818672214541809,0.6723843281489575
LR Base,Logistic Regression,scaled_base,1,2,0.6537707195808034,0.03656565453091076,0.3195895999997447,0.6172050650498926,0.5900069218731191,0.5900069218731191,0.732464505191778,0.5772153282988614,0.8158854452048012,0.8432055749128919,0.40242854385103655,0.7199314433816566
LR Base,Logistic Regression,scaled_base,1,3,0.6438420130941012,0.05648554933314298,0.33000689999971655,0.5873564637609582,0.560200568490307,0.560200568490307,0.7282369146005511,0.503228627964476,0.7914947128586873,0.818815331010453,0.471863673745468,0.6832577574142046
LR Base,Logistic Regression,scaled_base,1,4,0.6958581564679275,0.16033460945331024,0.23855689999982133,0.5355235470146172,0.5089099677429657,0.5089099677429657,0.6272193989585294,0.48121464176867224,0.779013964427768,0.8153310104529616,0.5216582546758413,0.6232391909722904
LR Base,Logistic Regression,scaled_base,1,5,0.6562613071711287,0.08196406882894658,0.2958168000004662,0.5742972383421822,0.566443661971831,0.566443661971831,0.6645277609800891,0.5709367094439595,0.8083489975884098,0.8426573426573427,0.41687030577699313,0.7083077214229124
LR Base,Logistic Regression,scaled_base,2,1,0.6595256035315803,0.05203874914070106,0.29256269999950746,0.6074868543908792,0.5777076843198339,0.5777076843198339,0.683272115090297,0.5615704424228718,0.8157833094726981,0.8397212543554007,0.42176219434833756,0.7153792861102021
LR Base,Logistic Regression,scaled_base,2,2,0.6660552827786871,0.030566366690015778,0.3220277000000351,0.6354889160886713,0.5990128807030216,0.5990128807030216,0.7882463360046206,0.5975867391741242,0.8241697550740151,0.8501742160278746,0.4853761311515014,0.6798426050646055
LR Base,Logistic Regression,scaled_base,2,3,0.6623516761005394,-0.014018295391383329,0.2989767999997639,0.6763699714919227,0.6336712337517166,0.6336712337517166,0.7791136967607556,0.6201647090537883,0.8397769902401501,0.8571428571428571,0.41326073107630223,0.7278495279421855
LR Base,Logistic Regression,scaled_base,2,4,0.6697124756335282,0.13192532845020566,0.32481819999975414,0.5377871471833225,0.5251662355082879,0.5251662355082879,0.6111886860007161,0.45613783240870237,0.7712443779631721,0.8048780487804879,0.48422154607521606,0.6449002895868627
LR Base,Logistic Regression,scaled_base,2,5,0.6570275147028187,0.047244906007166465,0.3384734999999637,0.6097826086956523,0.5663419405320814,0.5663419405320814,0.7524279448621553,0.5460378661221263,0.8086576467011249,0.8356643356643356,0.4635752206647653,0.6960375352581111
LR Base,Logistic Regression,scaled_base,3,1,0.6459907415976406,0.051177616318565544,0.34116160000030504,0.594813125279075,0.5540472481827622,0.5540472481827622,0.7570055392636038,0.5349859656483105,0.8035773417362716,0.8327526132404182,0.4494410873188276,0.708826885978651
LR Base,Logistic Regression,scaled_base,3,2,0.6550021768595126,0.009842095699923559,0.32513700000072276,0.645160081159589,0.617897556277838,0.617897556277838,0.7044854422903204,0.5851573910944565,0.8257120202608041,0.8432055749128919,0.4542384817498539,0.7090791114508344
LR Base,Logistic Regression,scaled_base,3,3,0.6693234476367006,0.13721863911380972,0.33864100000027975,0.5321048085228909,0.5369359011210117,0.5369359011210117,0.5313953488372093,0.5163976460216173,0.7872056310954291,0.8222996515679443,0.4595107661888633,0.6747407570570639
LR Base,Logistic Regression,scaled_base,3,4,0.6648460821897214,0.07227150854938924,0.27963480000016716,0.5925745736403322,0.5772080099645492,0.5772080099645492,0.7135658914728683,0.5575517243022711,0.8066436472789749,0.8362369337979094,0.4513886738488087,0.6993589316564942
LR Base,Logistic Regression,scaled_base,3,5,0.6822520994434281,0.10042906712224209,0.2917264999996405,0.581823032321186,0.5466197183098592,0.5466197183098592,0.6995555555555555,0.533394347045798,0.8009276736908054,0.8321678321678322,0.49046363458184217,0.6646251300967657
LR Engineered,Logistic Regression,scaled_engineered,1,1,0.6688187633052965,0.032993414150467526,0.38166889999956766,0.635825349154829,0.6066458982346833,0.6066458982346833,0.6910711038370613,0.569986033603106,0.8235125070501792,0.8397212543554007,0.49953382238425686,0.659865122853172
LR Engineered,Logistic Regression,scaled_engineered,1,2,0.6617330771367028,0.04452801208681023,0.37625219999972614,0.6172050650498926,0.5900069218731191,0.5900069218731191,0.732464505191778,0.5772153282988614,0.8158854452048012,0.8432055749128919,0.41064970241129745,0.7296429367902872
LR Engineered,Logistic Regression,scaled_engineered,1,3,0.6442065109982381,0.04011465023747385,0.43002810000052705,0.6040918607607643,0.5858465076171314,0.5858465076171314,0.7024168236032642,0.5423533761991972,0.8048407818104335,0.8292682926829268,0.464580635792442,0.69015402751503
LR Engineered,Logistic Regression,scaled_engineered,1,4,0.6897807224254132,0.18203606474200495,0.3586021000000983,0.5077446576834083,0.4940116891827153,0.4940116891827153,0.5515873015873015,0.4582402429499107,0.7688200972308972,0.8083623693379791,0.519585568063597,0.6226569662542646
LR Engineered,Logistic Regression,scaled_engineered,1,5,0.6594537082440589,0.0366167750622981,0.3947684999993726,0.6228369331817608,0.5931103286384977,0.5931103286384977,0.7671752489934308,0.591967198499686,0.8224489038812647,0.8496503496503497,0.4274993468352857,0.7106509625812
LR Engineered,Logistic Regression,scaled_engineered,2,1,0.6657361900490865,0.04601947265795048,0.3173094999992827,0.619716717391136,0.5915965732087227,0.5915965732087227,0.7007807381524351,0.5831141426029893,0.8226451127674691,0.8466898954703833,0.41842337041642697,0.7168513499137737
LR Engineered,Logistic Regression,scaled_engineered,2,2,0.6683566114949384,0.031188179204554856,0.33992080000007263,0.6371684322903836,0.6097718791380764,0.6097718791380764,0.7488328664799253,0.6008061199379372,0.8263088091761501,0.8501742160278746,0.4947431891387038,0.6771672026803062
LR Engineered,Logistic Regression,scaled_engineered,2,3,0.6690066763837255,0.026428813761319447,0.38761320000048727,0.642577862622406,0.6104052888761138,0.6104052888761138,0.723094942813835,0.5820720647945268,0.8244818879260107,0.8432055749128919,0.44709795930800056,0.7145180417722988
LR Engineered,Logistic Regression,scaled_engineered,2,4,0.6768015725774036,0.13228450649170997,0.28686800000014046,0.5445170660856936,0.5282961259621219,0.5282961259621219,0.6102529358626919,0.4764636140368251,0.7787706952699779,0.8118466898954704,0.47968977316725236,0.6494266496338996
LR Engineered,Logistic Regression,scaled_engineered,2,5,0.6593792222678754,0.05097813825703523,0.3821600999999646,0.6084010840108401,0.5647769953051643,0.5647769953051643,0.8107247757402556,0.5345848279537493,0.8041133663084883,0.8321678321678322,0.4949801366947705,0.6915817774714818
LR Engineered,Logistic Regression,scaled_engineered,3,1,0.6475938977866464,0.029782399338435628,0.34410570000000007,0.6178114984482108,0.5712097611630322,0.5712097611630322,0.8072396438250097,0.5364149352601822,0.807202927067134,0.8327526132404182,0.5009028628259538,0.6763918756585864
LR Engineered,Logistic Regression,scaled_engineered,3,2,0.6701720293086971,0.030906457536513443,0.2746646999994482,0.6392655717721837,0.602940291320573,0.602940291320573,0.7045609805103475,0.5528454704893433,0.8170100509115583,0.8327526132404182,0.47634980050366127,0.6985541547049836
LR Engineered,Logistic Regression,scaled_engineered,3,3,0.6738243177387915,0.12965926293543883,0.24097560000063822,0.5441650548033526,0.5521062885247996,0.5521062885247996,0.5389666977902272,0.5497391447444165,0.7981992060871147,0.8327526132404182,0.4590264562903872,0.6709205530527086
LR Engineered,Logistic Regression,scaled_engineered,3,4,0.6798100541060581,0.08518932216191744,0.3283022000005076,0.5946207319441407,0.5772080099645492,0.5772080099645492,0.7186656128564843,0.5565044035263363,0.806558058118804,0.8362369337979094,0.4657034255932501,0.6956606641998321
LR Engineered,Logistic Regression,scaled_engineered,3,5,0.6862422933314448,0.10227435212364844,0.30883170000015525,0.5839679412077964,0.5558137715179968,0.5558137715179968,0.6682673069227691,0.5253877122746241,0.800432892009471,0.8286713286713286,0.49889551770361745,0.6685995998683483
RF Base,Random Forest,tree_base,1,1,1.0,0.35738806542557866,0.3907397000002675,0.6426119345744213,0.6189771547248183,0.6189771547248183,0.7232286634460547,0.5835084909950498,0.8253781195807738,0.8432055749128919,0.6678282642167064,0.7165999289340643
RF Base,Random Forest,tree_base,1,2,0.9981296837634765,0.34018340796823054,0.2926705999998376,0.657946275795246,0.6322830143252678,0.6322830143252678,0.7186147186147185,0.6079561014143025,0.8342108603313046,0.8501742160278746,0.5308219481175804,0.7345502734872064
RF Base,Random Forest,tree_base,1,3,1.0,0.33473610663226916,0.31909879999966506,0.6652638933677308,0.637887004567085,0.637887004567085,0.7451742213999383,0.5896327666960307,0.8280365331178995,0.8432055749128919,0.6264446900634272,0.769220783714382
RF Base,Random Forest,tree_base,1,4,1.0,0.3362208362208362,0.3899246000000858,0.6637791637791638,0.6357791191594009,0.6357791191594009,0.7135642135642136,0.6075443242577357,0.8367766050692879,0.8501742160278746,1.0527877981281042,0.6707837174157434
RF Base,Random Forest,tree_base,1,5,1.0,0.3301873773796632,0.4134835999993811,0.6698126226203368,0.6277308294209702,0.6277308294209702,0.7720182809966092,0.6254281428067247,0.8418266619679501,0.8601398601398601,0.5202200681380185,0.7513266508616344
RF Base,Random Forest,tree_base,2,1,0.9981461217859869,0.25504206152885933,0.3420336999997744,0.7431040602571276,0.7203660436137072,0.7203660436137072,0.7729764752791067,0.6874103397611271,0.8725595308055831,0.8780487804878049,0.6379661160235616,0.7449308088488805
RF Base,Random Forest,tree_base,2,2,1.0,0.35741712972985973,0.4107771999997567,0.6425828702701403,0.6316735885397857,0.6316735885397857,0.7642806267806268,0.6444240777830839,0.8374717969181981,0.8641114982578397,0.8758251565498547,0.7329971758526547
RF Base,Random Forest,tree_base,2,3,0.9981463508468204,0.30966496328076465,0.4017081000001781,0.6884813875660557,0.6559151735811696,0.6559151735811696,0.751486239858333,0.6263597768239405,0.8443506016481404,0.8571428571428571,0.513783950377332,0.7469114208125806
RF Base,Random Forest,tree_base,2,4,1.0,0.32450620779168593,0.27249469999969733,0.6754937922083141,0.6491111749864266,0.6491111749864266,0.7180473615208128,0.5777012102718265,0.8273323114535679,0.8362369337979094,0.6044426304651929,0.6803058483785961
RF Base,Random Forest,tree_base,2,5,1.0,0.3418960850333399,0.28689140000005864,0.6581039149666601,0.6015179968701095,0.6015179968701095,0.8248644986449865,0.5907519863655006,0.8274991793708372,0.8496503496503497,0.4260630654013586,0.7308503823435797
RF Base,Random Forest,tree_base,3,1,1.0,0.28083273290306765,0.2785906999997678,0.7191672670969323,0.6677673935617862,0.6677673935617862,0.8246539344140943,0.6570801207390593,0.8579252815656949,0.8710801393728222,0.5232757267379612,0.7584777000284207
RF Base,Random Forest,tree_base,3,2,1.0,0.33850645478552455,0.2810355999999956,0.6614935452144755,0.6377753701697363,0.6377753701697363,0.6986105168427375,0.576771573783784,0.8260244738650053,0.8362369337979094,0.6581336555939424,0.7203241521006621
RF Base,Random Forest,tree_base,3,3,1.0,0.33886013673247717,0.3000387000001865,0.6611398632675228,0.6326492287055667,0.6326492287055667,0.7311207311207312,0.5882600469463815,0.8281325658077086,0.8432055749128919,0.782264365656237,0.7254699825728346
RF Base,Random Forest,tree_base,3,4,1.0,0.3611419879760738,0.27788330000021233,0.6388580120239262,0.6313576698284947,0.6313576698284947,0.7051759834368531,0.6373250454925551,0.8378223594356667,0.8606271777003485,0.5273263093855116,0.731341883876933
RF Base,Random Forest,tree_base,3,5,1.0,0.35364452798663326,0.28313100000013947,0.6463554720133667,0.6005086071987481,0.6005086071987481,0.8011953752694493,0.5914375226976127,0.8266223907671275,0.8496503496503497,0.8085208752141515,0.7102957284728703
RF Engineered,Random Forest,tree_engineered,1,1,1.0,0.35417180353505395,0.28334280000035506,0.645828196464946,0.6297507788161995,0.6297507788161995,0.7054242749731472,0.5896392658572215,0.827195844199075,0.8432055749128919,0.6774256800971109,0.6996494088582099
RF Engineered,Random Forest,tree_engineered,1,2,0.9981296837634765,0.33788109566253943,0.28555580000011105,0.6602485881009371,0.6258351390393644,0.6258351390393644,0.7298433048433047,0.594944123448133,0.8310823786351696,0.8466898954703833,0.4302796457836734,0.726752879382801
RF Engineered,Random Forest,tree_engineered,1,3,1.0,0.2971761354114295,0.2855877000001783,0.7028238645885705,0.6676835616875859,0.6676835616875859,0.7917754146500778,0.6285660205552234,0.8451180972701776,0.8571428571428571,0.5201971314639781,0.7782384147236115
RF Engineered,Random Forest,tree_engineered,1,4,1.0,0.3633792037820113,0.2844936000001326,0.6366207962179887,0.5999297371530772,0.5999297371530772,0.7259047199588932,0.5791426485978931,0.823041253834907,0.8432055749128919,0.9547991276741118,0.6628189473894469
RF Engineered,Random Forest,tree_engineered,1,5,1.0,0.3825684508037449,0.28663479999977426,0.6174315491962551,0.5878599374021909,0.5878599374021909,0.6773102216140191,0.5558153681574951,0.8165635318576494,0.8356643356643356,0.5111089005106009,0.7538702964732549
RF Engineered,Random Forest,tree_engineered,2,1,0.9981461217859869,0.261087389542664,0.29327920000014274,0.737058732243323,0.7080347871235722,0.7080347871235722,0.7758110759869482,0.6751730269000406,0.8685022413972476,0.8745644599303136,0.6409409453963031,0.7564526664786388
RF Engineered,Random Forest,tree_engineered,2,2,1.0,0.35436860998726016,0.2817513999998482,0.6456313900127398,0.6182812688094378,0.6182812688094378,0.8217341482047363,0.6213142288678778,0.8319056287147811,0.8571428571428571,0.7776956663947564,0.7199937437974091
RF Engineered,Random Forest,tree_engineered,2,3,1.0,0.3541480841035406,0.2835904000003211,0.6458519158964594,0.6101331800325763,0.6101331800325763,0.7197595248442705,0.572521063735372,0.8229301280118815,0.8397212543554007,0.6276208843116072,0.7507887763746193
RF Engineered,Random Forest,tree_engineered,2,4,1.0,0.35604732055430866,0.2772565000004761,0.6439526794456913,0.6140768420044074,0.6140768420044074,0.7110305958132045,0.5331521021766923,0.8089909904693524,0.8222996515679443,0.7032567772689597,0.7058584773676785
RF Engineered,Random Forest,tree_engineered,2,5,1.0,0.3620981052353601,0.2801476000004186,0.6379018947646399,0.5881846635367762,0.5881846635367762,0.7831978319783198,0.5797551712066532,0.8222014468003773,0.8461538461538461,0.5509826972796088,0.717284728711712
RF Engineered,Random Forest,tree_engineered,3,1,1.0,0.2721633666368737,0.28302890000031766,0.7278366333631263,0.6795430944963655,0.6795430944963655,0.8138324534741108,0.6583914772998877,0.8599761601920556,0.8710801393728222,0.42239852335836336,0.7604750572442649
RF Engineered,Random Forest,tree_engineered,3,2,1.0,0.409408020295117,0.28495569999995496,0.590591979704883,0.5768026965210064,0.5768026965210064,0.6664190025892154,0.5349242813010732,0.8008358464621811,0.8257839721254355,0.5761452858431065,0.7067468844655039
RF Engineered,Random Forest,tree_engineered,3,3,1.0,0.3141036982268052,0.2817172000004575,0.6858963017731948,0.6472753984222797,0.6472753984222797,0.7682660607680655,0.5965784635877975,0.8339312391035912,0.8466898954703833,0.5467254004843093,0.7360950162294463
RF Engineered,Random Forest,tree_engineered,3,4,1.0,0.3477858559153998,0.2728735000000597,0.6522141440846002,0.6326505062118745,0.6326505062118745,0.7180506968737853,0.63484728272041,0.8408694911233884,0.8606271777003485,0.5229858750890467,0.7323522826812559
RF Engineered,Random Forest,tree_engineered,3,5,1.0,0.34957428264950396,0.2811720999998215,0.650425717350496,0.6112676056338028,0.6112676056338028,0.7920701334927277,0.5939637748208351,0.8282238929614232,0.8496503496503497,0.9060451647815867,0.7174607965526102
HistGB Base,HistGradientBoosting,tree_base,1,1,1.0,0.3470075979910755,1.312655800000357,0.6529924020089245,0.6476272066458982,0.6476272066458982,0.6688205585264408,0.5769128561341912,0.8239362560440917,0.8327526132404182,0.7857659669161985,0.6966970549774625
HistGB Base,HistGradientBoosting,tree_base,1,2,1.0,0.31733077958668165,1.2618868999998085,0.6826692204133183,0.6617385939569038,0.6617385939569038,0.7195491143317231,0.6252948857449505,0.8436069553326943,0.8536585365853658,0.6520634541425703,0.7240526553743565
HistGB Base,HistGradientBoosting,tree_base,1,3,1.0,0.3029590017825311,1.1953873000002204,0.6970409982174689,0.675030500463096,0.675030500463096,0.7868186922346032,0.6591744741251513,0.8521820790400418,0.867595818815331,0.5469945206702549,0.7575843387167028
HistGB Base,HistGradientBoosting,tree_base,1,4,1.0,0.3184450305718739,1.337242999999944,0.6815549694281261,0.6595880042157708,0.6595880042157708,0.7201316745756916,0.6232893468630771,0.843088003635958,0.8536585365853658,0.7808861483795212,0.6997808144724164
HistGB Base,HistGradientBoosting,tree_base,1,5,1.0,0.2793162122430415,1.3904888000006395,0.7206837877569585,0.6908137715179968,0.6908137715179968,0.7675976675887034,0.6734639279823378,0.8651430225922806,0.8741258741258742,0.5132343284226364,0.7978912333805789
HistGB Base,HistGradientBoosting,tree_base,2,1,1.0,0.2777809596538119,1.360321600000134,0.7222190403461881,0.7146910695742471,0.7146910695742471,0.7331929101915996,0.6687832462675581,0.863187202073297,0.867595818815331,0.587788548350829,0.739970560390162
HistGB Base,HistGradientBoosting,tree_base,2,2,1.0,0.2920633660366475,1.3936811000003217,0.7079366339633525,0.6824590706632959,0.6824590706632959,0.8260130139012126,0.6853918295828093,0.8602333554707595,0.8780487804878049,0.6722489904632594,0.7404967136826682
HistGB Base,HistGradientBoosting,tree_base,2,3,1.0,0.2874616611458717,1.4710371999999552,0.7125383388541283,0.6810168950209192,0.6810168950209192,0.7717778933063362,0.6403028719720075,0.8510384352489616,0.8606271777003485,0.5906480355111702,0.7561848744514191
HistGB Base,HistGradientBoosting,tree_base,2,4,1.0,0.37051757343756053,1.3475579999994807,0.6294824265624395,0.6198575580466928,0.6198575580466928,0.65113130780939,0.5285344971727517,0.8044454069355265,0.8118466898954704,0.8724692247375553,0.6955574777089994
HistGB Base,HistGradientBoosting,tree_base,2,5,1.0,0.31500000000000006,1.2705188999998427,0.6849999999999999,0.6416197183098592,0.6416197183098592,0.8481012658227849,0.6463682467692884,0.8480710955710956,0.8671328671328671,0.7053617285966198,0.7333711651785683
HistGB Base,HistGradientBoosting,tree_base,3,1,1.0,0.2675651635145663,1.3364472000002934,0.7324348364854337,0.6928764278296988,0.6928764278296988,0.7908425667046357,0.6708308377877423,0.865983467982321,0.8745644599303136,0.6232297947905048,0.7552875766820538
HistGB Base,HistGradientBoosting,tree_base,3,2,1.0,0.2909834488067745,1.293551199999456,0.7090165511932255,0.6960771036475263,0.6960771036475263,0.7287280701754386,0.6417894254925274,0.8508678613674953,0.8571428571428571,0.66913543645688,0.6854640099148762
HistGB Base,HistGradientBoosting,tree_base,3,3,1.0,0.29554702614990946,1.2728736000008212,0.7044529738500905,0.6815598352016862,0.6815598352016862,0.7476648058326468,0.6185827193049309,0.842190646677109,0.8501742160278746,0.6418245250266654,0.750860003119597
HistGB Base,HistGradientBoosting,tree_base,3,4,1.0,0.28969962785752257,1.3799371000004612,0.7103003721424774,0.6812890038644565,0.6812890038644565,0.7712543650307264,0.6495024851011563,0.8532777342469255,0.8641114982578397,0.5680205374929307,0.7618658353765758
HistGB Base,HistGradientBoosting,tree_base,3,5,1.0,0.3193192985875912,1.3076109999992696,0.6806807014124088,0.6542018779342723,0.6542018779342723,0.7224498855991531,0.5896594246888142,0.8331902491163962,0.8426573426573427,0.8071645116712104,0.7092957829569176
HistGB Engineered,HistGradientBoosting,tree_engineered,1,1,1.0,0.3435524812672476,1.4709433000007266,0.6564475187327524,0.6491848390446521,0.6491848390446521,0.6739592760180996,0.5838518275609623,0.8271342856381335,0.8362369337979094,0.7985232343366442,0.6977781857716394
HistGB Engineered,HistGradientBoosting,tree_engineered,1,2,1.0,0.3124745724608321,1.4822747999996864,0.6875254275391679,0.6589924160346695,0.6589924160346695,0.7478666261274958,0.6374414947690347,0.8469341752150329,0.8606271777003485,0.7062500131560837,0.7329441665409689
HistGB Engineered,HistGradientBoosting,tree_engineered,1,3,1.0,0.31237110228706866,1.2773001000005024,0.6876288977129313,0.6614250582862253,0.6614250582862253,0.7815603679608669,0.6381309773729962,0.8449871505825595,0.8606271777003485,0.5513027007897773,0.7829961239169886
HistGB Engineered,HistGradientBoosting,tree_engineered,1,4,1.0,0.31368898436567605,1.365299899999627,0.686311015634324,0.6595880042157708,0.6595880042157708,0.741462770638972,0.620498761710618,0.841610497123845,0.8536585365853658,0.9057181578781913,0.6755980465350456
HistGB Engineered,HistGradientBoosting,tree_engineered,1,5,1.0,0.32323458549662354,1.290220699999736,0.6767654145033765,0.6561932707355242,0.6561932707355242,0.7215215672407781,0.645348293302894,0.8503183978802425,0.8636363636363636,0.5864270163376959,0.7664684341906226
HistGB Engineered,HistGradientBoosting,tree_engineered,2,1,1.0,0.29077305318971725,1.3926178000001528,0.7092269468102828,0.6948598130841122,0.6948598130841122,0.7259015494309612,0.638184226261815,0.8536067054322197,0.8571428571428571,0.6211566741570232,0.7347193750224883
HistGB Engineered,HistGradientBoosting,tree_engineered,2,2,1.0,0.3024015666872809,1.3605338999996093,0.6975984333127191,0.679329180209462,0.679329180209462,0.771424375917768,0.6690958107968995,0.8549506657271715,0.8710801393728222,0.6817198226503264,0.735732627754854
HistGB Engineered,HistGradientBoosting,tree_engineered,2,3,1.0,0.34594274985980056,1.4741024999993897,0.6540572501401994,0.6292472294081953,0.6292472294081953,0.6964912280701755,0.5650746038575918,0.8214476866390031,0.8327526132404182,0.6549787714576956,0.7340866405959711
HistGB Engineered,HistGradientBoosting,tree_engineered,2,4,1.0,0.3489591071833167,1.388411900000392,0.6510408928166833,0.6331908913800262,0.6331908913800262,0.69311570782159,0.5328039262850711,0.8073819113239454,0.8153310104529616,0.8514393410596334,0.6933013815189377
HistGB Engineered,HistGradientBoosting,tree_engineered,2,5,1.0,0.3256862745098039,1.4157224999999016,0.6743137254901961,0.6331103286384977,0.6331103286384977,0.7883614627285512,0.6260122149708961,0.8419004524886877,0.8601398601398601,0.7561063265579616,0.7324415103602155
HistGB Engineered,HistGradientBoosting,tree_engineered,3,1,1.0,0.2837139465046442,1.4073523999995814,0.7162860534953558,0.6828167185877466,0.6828167185877466,0.7634630053394357,0.6443264170300966,0.8560321524019766,0.8641114982578397,0.6327464686436144,0.7715701267448338
HistGB Engineered,HistGradientBoosting,tree_engineered,3,2,1.0,0.3167026915617188,1.4456545000002734,0.6832973084382812,0.6705489346334416,0.6705489346334416,0.7007736943907158,0.5891693783076383,0.8306635382217283,0.8362369337979094,0.6905556328345062,0.7269007474173937
HistGB Engineered,HistGradientBoosting,tree_engineered,3,3,1.0,0.25457757296466976,2.1287363999999798,0.7454224270353302,0.7197240586375395,0.7197240586375395,0.7959778783308195,0.675086743404897,0.8651042887650733,0.8710801393728222,0.6283405265230789,0.7776291067635727
HistGB Engineered,HistGradientBoosting,tree_engineered,3,4,1.0,0.3193000615487306,2.097918800000116,0.6806999384512694,0.671900610009262,0.671900610009262,0.7214122116082899,0.648674960986566,0.848192267948682,0.8606271777003485,0.598403229653178,0.7507055685291224
HistGB Engineered,HistGradientBoosting,tree_engineered,3,5,1.0,0.3408860878744471,2.035148900000422,0.6591139121255529,0.6398591549295775,0.6398591549295775,0.6897626709573612,0.5819505209723843,0.8287376392367732,0.8391608391608392,0.8525508615056243,0.6813498261821088
XGBoost Base,XGBoost,tree_base,1,1,1.0,0.33040941147101055,0.7298608999999487,0.6695905885289894,0.6571313603322949,0.6571313603322949,0.6980180180180181,0.5908664023816257,0.8305930977703871,0.8397212543554007,0.5792299599846457,0.7127564217158128
XGBoost Base,XGBoost,tree_base,1,2,1.0,0.28497379813169277,0.4749883000004047,0.7150262018683072,0.6711282653184062,0.6711282653184062,0.8089243498817966,0.671866654368034,0.8603306651170214,0.8745644599303136,0.5150912045865342,0.7299132818265669
XGBoost Base,XGBoost,tree_base,1,3,1.0,0.3259893048128343,0.4296330000006492,0.6740106951871657,0.6514924467439558,0.6514924467439558,0.76427399153494,0.6127787820332544,0.8351912649760569,0.8501742160278746,0.4413075754685514,0.7558345289126259
XGBoost Base,XGBoost,tree_base,1,4,1.0,0.3223089642356335,0.4064362999997684,0.6776910357643665,0.6475475072658172,0.6475475072658172,0.7373923178271005,0.6086177801031037,0.8374235322078036,0.8501742160278746,0.6269362470658743,0.6928552390003876
XGBoost Base,XGBoost,tree_base,1,5,1.0,0.31871001436218827,0.4258025999997699,0.6812899856378117,0.6523787167449139,0.6523787167449139,0.7518037518037518,0.6505507543873396,0.8515636341723298,0.8671328671328671,0.4173806064474812,0.7841900230021533
XGBoost Base,XGBoost,tree_base,2,1,1.0,0.28517164228945424,0.42490730000008625,0.7148283577105458,0.7023598130841121,0.7023598130841121,0.7289196310935441,0.6575968445838548,0.8616922481372393,0.8641114982578397,0.4461519980948666,0.7667691642811341
XGBoost Base,XGBoost,tree_base,2,2,1.0,0.310862806661126,0.45153250000021217,0.689137193338874,0.665440291320573,0.665440291320573,0.8054876273653567,0.6486505539088882,0.8468018673564307,0.8641114982578397,0.5296988183828052,0.7407873111754566
XGBoost Base,XGBoost,tree_base,2,3,1.0,0.2800128949065118,0.42333719999987807,0.7199871050934882,0.6893845613362716,0.6893845613362716,0.7721651166585087,0.6587958226355963,0.858415948348486,0.867595818815331,0.45872918799662377,0.757881791686131
XGBoost Base,XGBoost,tree_base,2,4,1.0,0.3803661792338747,0.4840046999997867,0.6196338207661253,0.6049592794864425,0.6049592794864425,0.6447568389057751,0.4997456290358865,0.7950230704726536,0.8048780487804879,0.6319639509704934,0.7077616405557259
XGBoost Base,XGBoost,tree_base,2,5,1.0,0.2986715575301946,0.46899519999988115,0.7013284424698054,0.6495735524256651,0.6495735524256651,0.8402252726190186,0.6556442638109924,0.8535286820125143,0.8706293706293706,0.5226159414599227,0.7438459761903543
XGBoost Base,XGBoost,tree_base,3,1,1.0,0.2917968366244228,0.45922759999939444,0.7082031633755772,0.6797014537902388,0.6797014537902388,0.7465362123256859,0.6281303819890953,0.85006125544393,0.8571428571428571,0.48538367510523306,0.756438919260714
XGBoost Base,XGBoost,tree_base,3,2,1.0,0.32760198357682047,0.46179579999989073,0.6723980164231795,0.6581121343445288,0.6581121343445288,0.7047151296991143,0.6102468096567413,0.8360013425018554,0.8466898954703833,0.5512403164260596,0.6963688999310138
XGBoost Base,XGBoost,tree_base,3,3,1.0,0.2632955536181343,0.4632039000007353,0.7367044463818657,0.6940793970170228,0.6940793970170228,0.8275613275613276,0.6832191316774512,0.8668991572217378,0.8780487804878049,0.49993642077776296,0.7626257944871458
XGBoost Base,XGBoost,tree_base,3,4,1.0,0.3253233344976465,0.43836470000042027,0.6746766655023535,0.6619679984669924,0.6619679984669924,0.7054879350843476,0.6185528674723894,0.8388396616188069,0.8501742160278746,0.5154700765391773,0.7257636797800099
XGBoost Base,XGBoost,tree_base,3,5,1.0,0.3181630622102478,0.4726972999997088,0.6818369377897522,0.6546283255086073,0.6546283255086073,0.7500951544429805,0.6324150887541744,0.8452336153858035,0.8601398601398601,0.5818818353314336,0.7081189716066415
XGBoost Engineered,XGBoost,tree_engineered,1,1,1.0,0.3361728395061728,0.4897414999995817,0.6638271604938272,0.6594029075804776,0.6594029075804776,0.6774807311774392,0.5810163408546617,0.8258433346238224,0.8327526132404182,0.6161858667890441,0.6986880747525809
XGBoost Engineered,XGBoost,tree_engineered,1,2,1.0,0.32558519280541487,0.4944465999997192,0.6744148071945851,0.6542975803539184,0.6542975803539184,0.7089601769911505,0.6147750559969176,0.8392884772827027,0.8501742160278746,0.5126342827017433,0.7354364126726693
XGBoost Engineered,XGBoost,tree_engineered,1,3,1.0,0.2901826638668744,0.4705121000006329,0.7098173361331256,0.6692485069145029,0.6692485069145029,0.8204655248133509,0.6357962735659373,0.8478595254498427,0.8606271777003485,0.43247903027490486,0.780821938637844
XGBoost Engineered,XGBoost,tree_engineered,1,4,1.0,0.33255866064854833,0.4417877999994744,0.6674413393514517,0.6373440643863179,0.6373440643863179,0.7205134366614602,0.6159439096615025,0.8400463639159171,0.8536585365853658,0.6421292774038698,0.6787140868494076
XGBoost Engineered,XGBoost,tree_engineered,1,5,1.0,0.3117905228466681,0.45517520000066725,0.6882094771533319,0.6608881064162754,0.6608881064162754,0.7681159420289855,0.6707417570535242,0.8580947413376212,0.8741258741258742,0.44060793227806183,0.7636550421937734
XGBoost Engineered,XGBoost,tree_engineered,2,1,1.0,0.2862467303774917,0.43802559999949153,0.7137532696225083,0.6910306334371755,0.6910306334371755,0.7424410774410775,0.6416422265487762,0.8563017861926903,0.8606271777003485,0.5018009399780018,0.7444290868457943
XGBoost Engineered,XGBoost,tree_engineered,2,2,1.0,0.3256150111820215,0.5084974999999758,0.6743849888179785,0.6595642229445047,0.6595642229445047,0.7355591359350758,0.6493596576492343,0.8463591957611138,0.8641114982578397,0.5333922980830019,0.7263643964910238
XGBoost Engineered,XGBoost,tree_engineered,2,3,1.0,0.3260497249746729,0.4812506999996913,0.6739502750253271,0.6512203379004183,0.6512203379004183,0.7244724302246426,0.6048372167985278,0.8350491605698976,0.8466898954703833,0.5042759187226394,0.7495245534757515
XGBoost Engineered,XGBoost,tree_engineered,2,4,1.0,0.3524855539017616,0.5200668999996196,0.6475144460982384,0.6350279454504807,0.6350279454504807,0.6717760180995475,0.5507928967773135,0.8139617182786023,0.8222996515679443,0.6011573728716044,0.7180365273808628
XGBoost Engineered,XGBoost,tree_engineered,2,5,1.0,0.3004068000180983,0.44629859999986365,0.6995931999819017,0.6441940532081377,0.6441940532081377,0.8460119870908253,0.6553906798709984,0.852846169119815,0.8706293706293706,0.5222615020970541,0.7477964472893288
XGBoost Engineered,XGBoost,tree_engineered,3,1,1.0,0.27811508090950765,0.46425300000009884,0.7218849190904923,0.689761163032191,0.689761163032191,0.7663411692370552,0.6546705330203143,0.8600528764019529,0.867595818815331,0.4681095954297363,0.767368522186462
XGBoost Engineered,XGBoost,tree_engineered,3,2,1.0,0.3387150860835072,0.48166609999952925,0.6612849139164928,0.6388437462381124,0.6388437462381124,0.7143076875010514,0.5855934097017752,0.8269254066429933,0.8397212543554007,0.551445503893408,0.7133393981553499
XGBoost Engineered,XGBoost,tree_engineered,3,3,1.0,0.27678164737738786,0.4385131999997611,0.7232183526226121,0.6857117307016704,0.6857117307016704,0.7904569310029371,0.6651528760656515,0.8606950190580553,0.8710801393728222,0.4987564630610459,0.7571622164289216
XGBoost Engineered,XGBoost,tree_engineered,3,4,1.0,0.360312118745286,0.4312275000002046,0.639687881254714,0.6353013318003258,0.6353013318003258,0.6795485175202156,0.5990434941767602,0.8263473051217473,0.8432055749128919,0.5009199270028167,0.747084066386325
XGBoost Engineered,XGBoost,tree_engineered,3,5,1.0,0.3395512934838778,0.4627366000004258,0.6604487065161222,0.6343505477308294,0.6343505477308294,0.7222515856236787,0.6108841015578078,0.8365561213011516,0.8531468531468531,0.58652540418852,0.7159103016311809
CatBoost Base,CatBoost,catboost_native_base,1,1,0.7660120686534282,0.16027740596512308,7.133216999999604,0.6057346626883051,0.5846521287642782,0.5846521287642782,0.7367649443741687,0.574801328586486,0.8164961696816694,0.8432055749128919,0.4888283645260569,0.6811549614724598
CatBoost Base,CatBoost,catboost_native_base,1,2,0.8388240792500782,0.17429611609197804,6.643875900000239,0.6645279631581001,0.6457881906825569,0.6457881906825569,0.6904211432975202,0.5984969397844775,0.834608061871677,0.8432055749128919,0.4002801521606413,0.7147241265667965
CatBoost Base,CatBoost,catboost_native_base,1,3,0.8647659791189203,0.2562472752720083,7.110121699999581,0.608518703846912,0.581900290632685,0.581900290632685,0.6619879162982611,0.5012550797719284,0.7963482710190533,0.8118466898954704,0.4425052436550655,0.6899481836467354
CatBoost Base,CatBoost,catboost_native_base,1,4,0.8783714526731287,0.2832831514802048,7.057384200000342,0.5950883011929239,0.5753696783877871,0.5753696783877871,0.6322596176994559,0.5053104447833625,0.796742132088237,0.8118466898954704,0.5673458873685541,0.6369386857356697
CatBoost Base,CatBoost,catboost_native_base,1,5,0.8224397099654079,0.20235191942955233,7.1980445999997755,0.6200877905358556,0.6023043818466354,0.6023043818466354,0.791758781626136,0.5871155385980172,0.8198154056039927,0.8461538461538461,0.40152093261448957,0.7573785562645984
CatBoost Base,CatBoost,catboost_native_base,2,1,0.8209468137295431,0.15192149675270594,6.897365399999217,0.6690253169768372,0.6338681204569055,0.6338681204569055,0.7304644590198901,0.5996053047441268,0.836601370703118,0.8501742160278746,0.44281234485056065,0.6950310531098847
CatBoost Base,CatBoost,catboost_native_base,2,2,0.8330650939613807,0.21677039221037453,7.175167100000181,0.6162947017510062,0.6115249187432287,0.6115249187432287,0.6822774327122154,0.5908964871521989,0.8195835459379758,0.8432055749128919,0.42222926926426746,0.7128295432831718
CatBoost Base,CatBoost,catboost_native_base,2,3,0.7638278955314147,0.18418235588587506,9.016822800000227,0.5796455396455397,0.560200568490307,0.560200568490307,0.6472021297970665,0.5110644070548886,0.794703182995866,0.818815331010453,0.47533049652403875,0.6807177391996752
CatBoost Base,CatBoost,catboost_native_base,2,4,0.8736843969746886,0.23923376987700262,8.04141300000083,0.634450627097686,0.610948229056881,0.610948229056881,0.7149202255585235,0.5596722461182735,0.8151678271836091,0.8327526132404182,0.486883170130276,0.6875090892016619
CatBoost Base,CatBoost,catboost_native_base,2,5,0.8448981835046562,0.15973510809767844,8.06596189999982,0.6851630754069777,0.637378716744914,0.637378716744914,0.7731092436974789,0.605900518213769,0.8390185060831488,0.8531468531468531,0.43185851534278313,0.739980617037895
CatBoost Base,CatBoost,catboost_native_base,3,1,0.8423460185634591,0.23973081682931463,8.286292000000685,0.6026152017341445,0.565981308411215,0.565981308411215,0.6887626262626262,0.5023986767299241,0.7979854238891215,0.818815331010453,0.4466522701061818,0.69199023081551
CatBoost Base,CatBoost,catboost_native_base,3,2,0.8750098124487208,0.20379964123854966,8.206020600000556,0.6712101712101711,0.6393403153966534,0.6393403153966534,0.7233766233766233,0.5800093233960745,0.8281017566731852,0.8397212543554007,0.45550319011759677,0.6980717191610895
CatBoost Base,CatBoost,catboost_native_base,3,3,0.7949268763976075,0.20386267765999944,7.930024400000548,0.5910641987376081,0.5840107310529845,0.5840107310529845,0.7534133709981168,0.572577595473089,0.8100430824817814,0.8397212543554007,0.4337442305726089,0.7142448412593244
CatBoost Base,CatBoost,catboost_native_base,3,4,0.8316962308675016,0.2194827334141909,8.459455600000183,0.6122134974533107,0.5957791191594008,0.5957791191594008,0.7082331174838113,0.5733906664087247,0.8152446788686902,0.8397212543554007,0.4285269383427221,0.7038520178192441
CatBoost Base,CatBoost,catboost_native_base,3,5,0.8630104995292708,0.2415724483262568,7.655008899999302,0.621438051203014,0.5749804381846636,0.5749804381846636,0.7453467498110355,0.5258633475132702,0.8056985911596751,0.8286713286713286,0.48482450290981205,0.7116086932868101
CatBoost Engineered,CatBoost,catboost_native_engineered,1,1,0.7902478429586025,0.20281637842329225,6.350464299999658,0.5874314645353103,0.5791355140186916,0.5791355140186916,0.6545042259327974,0.5180022751148126,0.7970210683742919,0.818815331010453,0.5116648410693153,0.6508336656839964
CatBoost Engineered,CatBoost,catboost_native_engineered,1,2,0.8708669481605898,0.2521232013130055,6.265952300000208,0.6187437468475844,0.5993138317081979,0.5993138317081979,0.6569647070152631,0.5435026861147676,0.8103947672182938,0.8257839721254355,0.4242598005186225,0.7276794592304295
CatBoost Engineered,CatBoost,catboost_native_engineered,1,3,0.8756519770597696,0.24558564080786627,8.089611000000332,0.6300663362519033,0.599178563444157,0.599178563444157,0.749549062049062,0.5119939910242134,0.7993867952379393,0.8153310104529616,0.4431668311844199,0.7222213990261789
CatBoost Engineered,CatBoost,catboost_native_engineered,1,4,0.8262209339045232,0.2663307802167786,8.33146990000023,0.5598901536877446,0.5253731915301332,0.5253731915301332,0.685410000627392,0.5164854178445066,0.79100431079036,0.8257839721254355,0.5473314994589235,0.6456353745956028
CatBoost Engineered,CatBoost,catboost_native_engineered,1,5,0.8451210247929937,0.2036410535962817,8.241867900000216,0.641479971196712,0.6152112676056337,0.6152112676056337,0.708710291318987,0.5559814231755177,0.8171001672421611,0.8321678321678322,0.4248593155344791,0.7166948298952965
CatBoost Engineered,CatBoost,catboost_native_engineered,2,1,0.8385950330447133,0.18700496566382308,7.993483599999308,0.6515900673808902,0.6232528556593978,0.6232528556593978,0.6940523244871071,0.5703400167783669,0.8293482610386969,0.8362369337979094,0.4858371285507608,0.6806959534044332
CatBoost Engineered,CatBoost,catboost_native_engineered,2,2,0.851372032305208,0.24134104756523067,8.078822800000125,0.6100309847399773,0.5953864210906464,0.5953864210906464,0.735924834193073,0.583196247886151,0.8162179398400319,0.8432055749128919,0.4456183204741463,0.7097855622987912
CatBoost Engineered,CatBoost,catboost_native_engineered,2,3,0.7643221960348122,0.16840043157372198,8.006376100000125,0.5959217644610902,0.5772067324582415,0.5772067324582415,0.6434169278996865,0.5199612640916796,0.8002888375593226,0.818815331010453,0.4555278219606996,0.6901925744867324
CatBoost Engineered,CatBoost,catboost_native_engineered,2,4,0.8728897460219548,0.27900562964340625,7.962657499999295,0.5938841163785485,0.5688390661428891,0.5688390661428891,0.6583092186854073,0.4932499378160744,0.791592991153765,0.8118466898954704,0.5066917711917497,0.6646618471230709
CatBoost Engineered,CatBoost,catboost_native_engineered,2,5,0.8607864790896432,0.21986379766901565,8.055355299999974,0.6409226814206276,0.5983881064162754,0.5983881064162754,0.7219086021505378,0.57425171071419,0.8258306577319068,0.8426573426573427,0.4608315654879132,0.7070216182928285
CatBoost Engineered,CatBoost,catboost_native_engineered,3,1,0.8241788330978582,0.20633465839093834,8.122564999999668,0.6178441747069199,0.5722118380062305,0.5722118380062305,0.7343537414965987,0.5380737070769207,0.8092542165917859,0.8327526132404182,0.4424249151854271,0.7137391816030574
CatBoost Engineered,CatBoost,catboost_native_engineered,3,2,0.857826632456289,0.2593952599072693,8.09992450000027,0.5984313725490197,0.5741693752257132,0.5741693752257132,0.6874623267028331,0.511899545741579,0.7958106169296988,0.818815331010453,0.46244890242982756,0.6847005805171107
CatBoost Engineered,CatBoost,catboost_native_engineered,3,3,0.8333679665456505,0.1683009700500826,8.029586499999823,0.6650669964955679,0.639451949794002,0.639451949794002,0.7791537667698658,0.6021227113398058,0.8311295275157893,0.8466898954703833,0.4377133172556196,0.7496806539261279
CatBoost Engineered,CatBoost,catboost_native_engineered,3,4,0.829778458960969,0.2397860004390988,8.054949399999714,0.5899924585218702,0.5913563923221871,0.5913563923221871,0.6281889757358549,0.5630952800296267,0.8088682264650701,0.8327526132404182,0.44519901687674585,0.6889050490792391
CatBoost Engineered,CatBoost,catboost_native_engineered,3,5,0.8531709587626519,0.2845619362062609,8.395762600000126,0.568609022556391,0.5457394366197184,0.5457394366197184,0.6422202625906329,0.4953046492811152,0.7899041747725958,0.8181818181818182,0.5036636833970006,0.6834934735661222
