configuration,class,support,precision,recall,f1,average_precision
Locked RF,Functional,1066,0.8911325724319579,0.9521575984990619,0.9206349206349206,0.9537171253328796
Locked RF,Partially functional,126,0.6176470588235294,0.3333333333333333,0.4329896907216495,0.42453438439811675
Locked RF,Abandoned or not functional,242,0.801762114537445,0.7520661157024794,0.7761194029850746,0.8545295700667599
RF without coordinates,Functional,1066,0.8747841105354058,0.950281425891182,0.9109712230215827,0.9532726925502278
RF without coordinates,Partially functional,126,0.6862745098039216,0.2777777777777778,0.3954802259887006,0.39324556242021563
RF without coordinates,Abandoned or not functional,242,0.7777777777777778,0.7231404958677686,0.7494646680942184,0.8315369740103773
Mixed representation control,Functional,1066,0.842820730671198,0.9305816135084428,0.8845296477931341,0.9421622472276014
Mixed representation control,Partially functional,126,0.609375,0.30952380952380953,0.4105263157894737,0.40570279237177376
Mixed representation control,Abandoned or not functional,242,0.6528497409326425,0.5206611570247934,0.5793103448275863,0.694658963233732
SMOTENC RF,Functional,1066,0.8874878758486906,0.8583489681050657,0.8726752503576538,0.9423601430654053
SMOTENC RF,Partially functional,126,0.41935483870967744,0.4126984126984127,0.416,0.35419671593596436
SMOTENC RF,Abandoned or not functional,242,0.6057347670250897,0.6983471074380165,0.6487523992322457,0.6888088192769162
