selected_processed_feature,rf_impurity_importance
num_indicator__missingindicator_pumpstrokes,0.2291403322202349
num_other__longitude_wp,0.10901157537653858
num_other__latitude_wp,0.09230035267294905
num_other__elevation_wp,0.06752382014082886
cat_unknown__lockedfullday_wp_Unknown,0.05881740626071251
num_indicator__annual_rain,0.04485647260581501
num_indicator__pumpstrokes,0.04350838061437882
num_skew__pop_1000,0.0323051088012855
num_skew__qtypeople_wp,0.02886137928439853
cat_unknown__country_Ethiopia,0.02772785170781094
cat_unknown__admin1_Tigray,0.024732235348437243
cat_not_applicable__pumptype_Not applicable,0.022348702687988373
num_indicator__qtyhh_c_wp,0.019295954993038683
num_skew__qtyhh_wp,0.018096890985057682
cat_unknown__rehabyn_Unknown,0.016800643421537153
cat_unknown__wptype_Borehole with hand pump,0.0161317779982317
ordinal_wc_index__wc_admin_index_wp,0.014123879165888472
num_indicator__wpqty_wp,0.013979187966850881
cat_not_applicable__drillmethod_Not applicable,0.013253422498892326
cat_not_applicable__piped_pump_Not applicable,0.011498600598145767
num_other__rehab_age,0.010835078823008468
ordinal_wc_index__wc_mgmt_index_wp,0.009062508760517354
cat_not_applicable__drillmethod_Manually drilled,0.00786673457640635
cat_not_applicable__drillmethod_Drilled by machine,0.006862228146032763
cat_unknown__lockedfullday_wp_No,0.005933257703849583
ordinal_wc_index__wc_finance_index_wp,0.005412904476436308
cat_unknown__season_Unknown,0.005306667937738044
semantic_flags__rehab_age_missing,0.0050133356919470975
cat_not_applicable__piped_source_Not applicable,0.004722188776903755
cat_unknown__country_Niger,0.0036235514189815084
ordinal_wc_index__wc_maint_index_wp,0.003484632301371235
cat_unknown__season_wet,0.0031373302817209424
cat_not_applicable__pumptype_India Mark II,0.0027375426169771577
semantic_flags__pop_1000_missing,0.002208369379808051
cat_unknown__wptype_Protected spring,0.002171337703313406
cat_unknown__admin1_Maradi,0.002104620191906297
cat_unknown__whomanage_wp_Water committee,0.0016806192980880574
cat_unknown__paytocollect_wp_Unknown,0.001618196626589496
cat_not_applicable__drillmethod_Hand-dug,0.0015710424817268608
cat_not_applicable__piped_pump_Gravity Fed,0.001336352467657346
num_indicator__missingindicator_qtyhh_c_wp,0.0012243535575862715
cat_not_applicable__piped_source_Protected spring,0.0011123140928798372
cat_not_applicable__pumptype_Water4,0.001035381159225609
cat_unknown__wptype_Public tap / standpipe,0.0009540953101723784
num_indicator__missingindicator_improved_wponly_wp,0.000835276585850378
cat_unknown__country_Mali,0.0008253074740871886
num_indicator__missingindicator_wpqty_wp,0.0007792265554590614
cat_unknown__paytocollect_wp_Yes,0.0006752955378839114
cat_unknown__country_Rwanda,0.0004151959366836177
cat_unknown__lockedfullday_wp_Yes,0.00035455916559046273
cat_unknown__wc_present_wp_No,0.00029484076461849015
cat_unknown__wptype_infrequent_sklearn,0.00018752447399598152
cat_unknown__admin1_Nampula,9.967392180237486e-05
cat_unknown__country_Mozambique,7.748155270964673e-05
cat_unknown__whomanage_wp_School,5.540987460080709e-05
cat_not_applicable__pumptype_Vergnet,5.2481900647607e-05
cat_not_applicable__pumptype_Vergnet Hydro,1.9107126205502312e-05
cat_unknown__admin1_Bihar,0.0
cat_unknown__cwfunded_wp_Unknown,0.0
cat_unknown__cwfunded_wp_infrequent_sklearn,0.0
