configuration,repeat,fold,fit_seconds,train_macro_f1,train_cv_gap,macro_f1,balanced_accuracy,macro_recall,macro_precision,mcc,weighted_f1,accuracy,log_loss,macro_ap,partial_precision,partial_recall,partial_f1,partial_ap
Mixed representation control,1,1,2.591837099986151,0.8876512788563046,0.30235321483483624,0.5852980640214683,0.5611786085150571,0.5611786085150571,0.6499341238471673,0.4252579582670386,0.7697964106889899,0.7839721254355401,0.5381477743351383,0.6437508937868631,0.5454545454545454,0.24,0.3333333333333333,0.3515417168222812
Mixed representation control,1,2,2.703427100001136,0.8757146654020492,0.2573360827377522,0.618378582664297,0.5924822438906946,0.5924822438906946,0.6945773524720894,0.5002996371307328,0.794902988033899,0.8083623693379791,0.4955342355053483,0.6819107786556952,0.6363636363636364,0.2692307692307692,0.3783783783783784,0.3789931361107101
Mixed representation control,1,3,2.664233499992406,0.8426076832697387,0.20565447175257356,0.6369532115171651,0.5983622369135447,0.5983622369135447,0.7046578493387005,0.4770140332794885,0.7911646862375126,0.8048780487804879,0.48262682652174,0.713401507838114,0.6,0.36,0.45,0.4946450245494001
Mixed representation control,1,4,2.5683218000049237,0.8694288973852693,0.305625572093979,0.5638033252912903,0.5274785219252021,0.5274785219252021,0.644600123825675,0.39805850767665196,0.7607024631094651,0.7839721254355401,0.690658318033192,0.6416982965638763,0.42857142857142855,0.24,0.3076923076923077,0.3227970941257012
Mixed representation control,1,5,2.562287100008689,0.8667481708952417,0.1483794012891071,0.7183687696061346,0.6565453834115805,0.6565453834115805,0.8408896658896658,0.6044455976701396,0.8398445402628045,0.8531468531468531,0.4519735886588105,0.7810072042578976,0.8461538461538461,0.44,0.5789473684210527,0.6120416473992735
Mixed representation control,2,1,2.5734556000097655,0.8704973399479189,0.1349450582506052,0.7355522816973137,0.6945924195223262,0.6945924195223262,0.7971976773542034,0.6421264580730041,0.8568375251837077,0.8641114982578397,0.5659871684782802,0.7597407034005811,0.6,0.48,0.5333333333333333,0.49034448386805907
Mixed representation control,2,2,2.6214805000054184,0.8722511748692381,0.23051809313615645,0.6417330817330816,0.602940291320573,0.602940291320573,0.8037857867118979,0.5517969390920547,0.8128091652830329,0.8327526132404182,0.5154640304026705,0.6892774225635964,0.8571428571428571,0.23076923076923078,0.36363636363636365,0.38794968020799775
Mixed representation control,2,3,2.621482399990782,0.8454386504736604,0.20538492537500597,0.6400537250986544,0.5876158538532784,0.5876158538532784,0.7633121336825042,0.5032948762688529,0.7994382396602253,0.818815331010453,0.4704740880526452,0.7220956316089763,0.7272727272727273,0.32,0.4444444444444444,0.49983033105673247
Mixed representation control,2,4,2.647429700009525,0.879367560676657,0.2786120947526518,0.6007554659240052,0.5698585161764237,0.5698585161764237,0.6590772557971886,0.4443168202703848,0.7767676493902858,0.7909407665505227,0.5306554179165486,0.6673635032585467,0.5714285714285714,0.32,0.41025641025641024,0.4085266976603784
Mixed representation control,2,5,2.6260005999938585,0.8491181677570606,0.2541214297759128,0.5949967379811478,0.5640258215962441,0.5640258215962441,0.7022800645682001,0.4662928816116667,0.7840322328680296,0.8041958041958042,0.5043600189662313,0.6717108689235088,0.625,0.2,0.30303030303030304,0.34417452406994503
Mixed representation control,3,1,2.577379700000165,0.8585203359958192,0.15501773837557453,0.7035025976202447,0.653481308411215,0.653481308411215,0.7946960277468752,0.5887291220727119,0.834754214381187,0.8466898954703833,0.448365191958681,0.754696270083601,0.7857142857142857,0.44,0.5641025641025641,0.5800752974225803
Mixed representation control,3,2,2.551014500000747,0.8572979262609793,0.19343800101997988,0.6638599252409995,0.6346454797159021,0.6346454797159021,0.7211100398873325,0.5545522681431221,0.817504820673681,0.8292682926829268,0.49094321081162506,0.7053002614803777,0.5714285714285714,0.3076923076923077,0.4,0.40314974695616324
Mixed representation control,3,3,2.611403299990343,0.880217978100331,0.2227768228008924,0.6574411552994386,0.6200619590559229,0.6200619590559229,0.7181512902085543,0.4683516889183715,0.7882714129836731,0.7979094076655052,0.5135339132163756,0.6919153320849915,0.75,0.48,0.5853658536585366,0.46902061802682593
Mixed representation control,3,4,2.5839261000219267,0.8381338058789048,0.2485123162574152,0.5896214896214896,0.5528536297147967,0.5528536297147967,0.6829988193624558,0.47304642697228216,0.7854871029087056,0.8083623693379791,0.4545743761509699,0.7192817517127107,0.5,0.2,0.2857142857142857,0.4422843711241722
Mixed representation control,3,5,2.5744862999999896,0.8697565226742635,0.36974559299581466,0.5000109296784488,0.47854460093896717,0.47854460093896717,0.5662018293597241,0.3577953067801163,0.7439648684976247,0.7762237762237763,0.7009808502461636,0.6153147574280607,0.2222222222222222,0.08,0.11764705882352941,0.25910897754331663
